RERUN_START 2026-10-05T05:27:41Z
===== integration-r3.spec.ts :: the export log shows times in the portal :: try 1 =====
Wiped the Postgres database (dropped the public schema).
[05:27:54] [33mWARN[39m: [36mNo email adapter provided. Email will be written to console. More info at https://payloadcms.com/docs/email/overview.[39m
[05:27:54] [32mINFO[39m: [36mReading migration files from /workspace/hearts-prototype/src/migrations[39m
[05:27:54] [32mINFO[39m: [36mMigrating: 20261003_103330_initial[39m
[05:27:55] [32mINFO[39m: [36mMigrated:  20261003_103330_initial (954ms)[39m
[05:27:55] [32mINFO[39m: [36mMigrating: 20261003_124500_integration_part1[39m
[05:27:55] [32mINFO[39m: [36mMigrated:  20261003_124500_integration_part1 (203ms)[39m
[05:27:55] [32mINFO[39m: [36mMigrating: 20261003_131651_integration_part2[39m
[05:27:55] [32mINFO[39m: [36mMigrated:  20261003_131651_integration_part2 (27ms)[39m
[05:27:55] [32mINFO[39m: [36mMigrating: 20261003_140611_harvest[39m
[05:27:55] [32mINFO[39m: [36mMigrated:  20261003_140611_harvest (21ms)[39m
[05:27:55] [32mINFO[39m: [36mMigrating: 20261003_180616_jibril_doors[39m
[05:27:55] [32mINFO[39m: [36mMigrated:  20261003_180616_jibril_doors (16ms)[39m
[05:27:55] [32mINFO[39m: [36mMigrating: 20261003_194500_line_tidy[39m
[05:27:55] [32mINFO[39m: [36mMigrated:  20261003_194500_line_tidy (0ms)[39m
[05:27:55] [32mINFO[39m: [36mMigrating: 20261003_200853_integration_final[39m
[05:27:55] [32mINFO[39m: [36mMigrated:  20261003_200853_integration_final (34ms)[39m
[05:27:55] [32mINFO[39m: [36mMigrating: 20261003_220000_feedback[39m
[05:27:56] [32mINFO[39m: [36mMigrated:  20261003_220000_feedback (42ms)[39m
[05:27:56] [32mINFO[39m: [36mMigrating: 20261004_031500_gather[39m
[05:27:56] [32mINFO[39m: [36mMigrated:  20261004_031500_gather (59ms)[39m
[05:27:56] [32mINFO[39m: [36mMigrating: 20261004_060000_shorts[39m
[05:27:56] [32mINFO[39m: [36mMigrated:  20261004_060000_shorts (2ms)[39m
[05:27:56] [32mINFO[39m: [36mMigrating: 20261004_061000_portal_time_zone[39m
[05:27:56] [32mINFO[39m: [36mMigrated:  20261004_061000_portal_time_zone (1ms)[39m
[05:27:56] [32mINFO[39m: [36mMigrating: 20261004_080000_lesson_picture_flags[39m
[05:27:56] [32mINFO[39m: [36mMigrated:  20261004_080000_lesson_picture_flags (1ms)[39m
[05:27:56] [32mINFO[39m: [36mMigrating: 20261004_120000_compass_v2[39m
[05:27:56] [32mINFO[39m: [36mMigrated:  20261004_120000_compass_v2 (43ms)[39m
[05:27:56] [32mINFO[39m: [36mMigrating: 20261004_180000_gather_entry_code[39m
[05:27:56] [32mINFO[39m: [36mMigrated:  20261004_180000_gather_entry_code (1ms)[39m
[05:27:56] [32mINFO[39m: [36mMigrating: 20261004_210000_schedule_minutes[39m
[05:27:56] [32mINFO[39m: [36mMigrated:  20261004_210000_schedule_minutes (0ms)[39m
[05:27:56] [32mINFO[39m: [36mMigrating: 20261004_230000_portal_features[39m
[05:27:56] [32mINFO[39m: [36mMigrated:  20261004_230000_portal_features (0ms)[39m
[05:27:56] [32mINFO[39m: [36mMigrating: 20261005_010000_admin_ops[39m
[05:27:56] [32mINFO[39m: [36mMigrated:  20261005_010000_admin_ops (44ms)[39m
[05:27:56] [32mINFO[39m: [36mMigrating: 20261005_020000_trash[39m
[05:27:56] [32mINFO[39m: [36mMigrated:  20261005_020000_trash (21ms)[39m
Harvest: 172 verses and hadith across 31 talks. No quotation found in 5: Gratitude is the Greatest Blessing | Gems from Ibn Ata Illah Ep. 1 | Shaykh Mikaeel Ahmed Smith; How to Manage Your Anger - Amjad Tarsin; Moments of Solitude: Closeness to God | Jummah Khutbah | Imam Khalid Latif | 3.11.2022; On Mosques, Companionship, & Knowledge; Quranic Connection #26: A Cure for Anxiety | Shaykh Suleiman Hani.
Harvest sample: 4 lines kept for Maryam.
Feedback demo: sample answers are on the East London and Leeds desks.
Seeded HEARTS. Master: master@hearts.test / hearts-master
Access codes (also on the master desk, and in data/seed-codes-test.json):
  elm-teacher    ELM-CAGC-DUHH
  elm-admin      ELM-ARVY-AKM6
  elm-learner    ELM-WWJQ-NQNT
  elm-parent     ELM-HMCM-46DM
  leeds-teacher  LEEDS-NBU8-R3KX
  leeds-learner  LEEDS-F4Q4-UFKD

Running 1 test using 1 worker

(node:58671) Warning: The 'NO_COLOR' env is ignored due to the 'FORCE_COLOR' env being set.
(Use `node --trace-warnings ...` to show where the warning was created)


(node:58671) Warning: The 'NO_COLOR' env is ignored due to the 'FORCE_COLOR' env being set.
(Use `node --trace-warnings ...` to show where the warning was created)


[1/1] tests/e2e/integration-r3.spec.ts:90:1 › the export log shows times in the portal's zone with a short label, in the viewer's language
  1 passed (48.3s)
EXIT:0 integration-r3.spec.ts try 1
===== integration-r3.spec.ts :: the export log shows times in the portal :: try 2 =====
Wiped the Postgres database (dropped the public schema).
[05:28:39] [33mWARN[39m: [36mNo email adapter provided. Email will be written to console. More info at https://payloadcms.com/docs/email/overview.[39m
[05:28:39] [32mINFO[39m: [36mReading migration files from /workspace/hearts-prototype/src/migrations[39m
[05:28:39] [32mINFO[39m: [36mMigrating: 20261003_103330_initial[39m
[05:28:40] [32mINFO[39m: [36mMigrated:  20261003_103330_initial (860ms)[39m
[05:28:40] [32mINFO[39m: [36mMigrating: 20261003_124500_integration_part1[39m
[05:28:40] [32mINFO[39m: [36mMigrated:  20261003_124500_integration_part1 (177ms)[39m
[05:28:40] [32mINFO[39m: [36mMigrating: 20261003_131651_integration_part2[39m
[05:28:40] [32mINFO[39m: [36mMigrated:  20261003_131651_integration_part2 (51ms)[39m
[05:28:40] [32mINFO[39m: [36mMigrating: 20261003_140611_harvest[39m
[05:28:40] [32mINFO[39m: [36mMigrated:  20261003_140611_harvest (19ms)[39m
[05:28:40] [32mINFO[39m: [36mMigrating: 20261003_180616_jibril_doors[39m
[05:28:40] [32mINFO[39m: [36mMigrated:  20261003_180616_jibril_doors (19ms)[39m
[05:28:40] [32mINFO[39m: [36mMigrating: 20261003_194500_line_tidy[39m
[05:28:40] [32mINFO[39m: [36mMigrated:  20261003_194500_line_tidy (1ms)[39m
[05:28:40] [32mINFO[39m: [36mMigrating: 20261003_200853_integration_final[39m
[05:28:40] [32mINFO[39m: [36mMigrated:  20261003_200853_integration_final (61ms)[39m
[05:28:40] [32mINFO[39m: [36mMigrating: 20261003_220000_feedback[39m
[05:28:40] [32mINFO[39m: [36mMigrated:  20261003_220000_feedback (50ms)[39m
[05:28:40] [32mINFO[39m: [36mMigrating: 20261004_031500_gather[39m
[05:28:41] [32mINFO[39m: [36mMigrated:  20261004_031500_gather (101ms)[39m
[05:28:41] [32mINFO[39m: [36mMigrating: 20261004_060000_shorts[39m
[05:28:41] [32mINFO[39m: [36mMigrated:  20261004_060000_shorts (2ms)[39m
[05:28:41] [32mINFO[39m: [36mMigrating: 20261004_061000_portal_time_zone[39m
[05:28:41] [32mINFO[39m: [36mMigrated:  20261004_061000_portal_time_zone (1ms)[39m
[05:28:41] [32mINFO[39m: [36mMigrating: 20261004_080000_lesson_picture_flags[39m
[05:28:41] [32mINFO[39m: [36mMigrated:  20261004_080000_lesson_picture_flags (1ms)[39m
[05:28:41] [32mINFO[39m: [36mMigrating: 20261004_120000_compass_v2[39m
[05:28:41] [32mINFO[39m: [36mMigrated:  20261004_120000_compass_v2 (36ms)[39m
[05:28:41] [32mINFO[39m: [36mMigrating: 20261004_180000_gather_entry_code[39m
[05:28:41] [32mINFO[39m: [36mMigrated:  20261004_180000_gather_entry_code (1ms)[39m
[05:28:41] [32mINFO[39m: [36mMigrating: 20261004_210000_schedule_minutes[39m
[05:28:41] [32mINFO[39m: [36mMigrated:  20261004_210000_schedule_minutes (1ms)[39m
[05:28:41] [32mINFO[39m: [36mMigrating: 20261004_230000_portal_features[39m
[05:28:41] [32mINFO[39m: [36mMigrated:  20261004_230000_portal_features (1ms)[39m
[05:28:41] [32mINFO[39m: [36mMigrating: 20261005_010000_admin_ops[39m
[05:28:41] [32mINFO[39m: [36mMigrated:  20261005_010000_admin_ops (31ms)[39m
[05:28:41] [32mINFO[39m: [36mMigrating: 20261005_020000_trash[39m
[05:28:41] [32mINFO[39m: [36mMigrated:  20261005_020000_trash (15ms)[39m
Harvest: 172 verses and hadith across 31 talks. No quotation found in 5: Gratitude is the Greatest Blessing | Gems from Ibn Ata Illah Ep. 1 | Shaykh Mikaeel Ahmed Smith; How to Manage Your Anger - Amjad Tarsin; Moments of Solitude: Closeness to God | Jummah Khutbah | Imam Khalid Latif | 3.11.2022; On Mosques, Companionship, & Knowledge; Quranic Connection #26: A Cure for Anxiety | Shaykh Suleiman Hani.
Harvest sample: 4 lines kept for Maryam.
Feedback demo: sample answers are on the East London and Leeds desks.
Seeded HEARTS. Master: master@hearts.test / hearts-master
Access codes (also on the master desk, and in data/seed-codes-test.json):
  elm-teacher    ELM-FUJG-BQBV
  elm-admin      ELM-7GKK-WYMH
  elm-learner    ELM-J6G9-CBXB
  elm-parent     ELM-PGUE-GGAE
  leeds-teacher  LEEDS-HERJ-XAQA
  leeds-learner  LEEDS-XXNG-PDM9

Running 1 test using 1 worker

(node:58989) Warning: The 'NO_COLOR' env is ignored due to the 'FORCE_COLOR' env being set.
(Use `node --trace-warnings ...` to show where the warning was created)


(node:58989) Warning: The 'NO_COLOR' env is ignored due to the 'FORCE_COLOR' env being set.
(Use `node --trace-warnings ...` to show where the warning was created)


[1/1] tests/e2e/integration-r3.spec.ts:90:1 › the export log shows times in the portal's zone with a short label, in the viewer's language
  1 passed (44.5s)
EXIT:0 integration-r3.spec.ts try 2
===== integration-final.spec.ts :: a learner joins by code, takes the persona quiz :: try 1 =====
Wiped the Postgres database (dropped the public schema).
[05:29:25] [33mWARN[39m: [36mNo email adapter provided. Email will be written to console. More info at https://payloadcms.com/docs/email/overview.[39m
[05:29:25] [32mINFO[39m: [36mReading migration files from /workspace/hearts-prototype/src/migrations[39m
[05:29:25] [32mINFO[39m: [36mMigrating: 20261003_103330_initial[39m
[05:29:26] [32mINFO[39m: [36mMigrated:  20261003_103330_initial (863ms)[39m
[05:29:26] [32mINFO[39m: [36mMigrating: 20261003_124500_integration_part1[39m
[05:29:26] [32mINFO[39m: [36mMigrated:  20261003_124500_integration_part1 (152ms)[39m
[05:29:26] [32mINFO[39m: [36mMigrating: 20261003_131651_integration_part2[39m
[05:29:26] [32mINFO[39m: [36mMigrated:  20261003_131651_integration_part2 (35ms)[39m
[05:29:26] [32mINFO[39m: [36mMigrating: 20261003_140611_harvest[39m
[05:29:26] [32mINFO[39m: [36mMigrated:  20261003_140611_harvest (13ms)[39m
[05:29:26] [32mINFO[39m: [36mMigrating: 20261003_180616_jibril_doors[39m
[05:29:26] [32mINFO[39m: [36mMigrated:  20261003_180616_jibril_doors (10ms)[39m
[05:29:26] [32mINFO[39m: [36mMigrating: 20261003_194500_line_tidy[39m
[05:29:26] [32mINFO[39m: [36mMigrated:  20261003_194500_line_tidy (1ms)[39m
[05:29:26] [32mINFO[39m: [36mMigrating: 20261003_200853_integration_final[39m
[05:29:26] [32mINFO[39m: [36mMigrated:  20261003_200853_integration_final (51ms)[39m
[05:29:26] [32mINFO[39m: [36mMigrating: 20261003_220000_feedback[39m
[05:29:26] [32mINFO[39m: [36mMigrated:  20261003_220000_feedback (28ms)[39m
[05:29:26] [32mINFO[39m: [36mMigrating: 20261004_031500_gather[39m
[05:29:26] [32mINFO[39m: [36mMigrated:  20261004_031500_gather (59ms)[39m
[05:29:26] [32mINFO[39m: [36mMigrating: 20261004_060000_shorts[39m
[05:29:26] [32mINFO[39m: [36mMigrated:  20261004_060000_shorts (5ms)[39m
[05:29:26] [32mINFO[39m: [36mMigrating: 20261004_061000_portal_time_zone[39m
[05:29:26] [32mINFO[39m: [36mMigrated:  20261004_061000_portal_time_zone (0ms)[39m
[05:29:26] [32mINFO[39m: [36mMigrating: 20261004_080000_lesson_picture_flags[39m
[05:29:26] [32mINFO[39m: [36mMigrated:  20261004_080000_lesson_picture_flags (1ms)[39m
[05:29:26] [32mINFO[39m: [36mMigrating: 20261004_120000_compass_v2[39m
[05:29:26] [32mINFO[39m: [36mMigrated:  20261004_120000_compass_v2 (37ms)[39m
[05:29:26] [32mINFO[39m: [36mMigrating: 20261004_180000_gather_entry_code[39m
[05:29:26] [32mINFO[39m: [36mMigrated:  20261004_180000_gather_entry_code (2ms)[39m
[05:29:26] [32mINFO[39m: [36mMigrating: 20261004_210000_schedule_minutes[39m
[05:29:26] [32mINFO[39m: [36mMigrated:  20261004_210000_schedule_minutes (1ms)[39m
[05:29:26] [32mINFO[39m: [36mMigrating: 20261004_230000_portal_features[39m
[05:29:26] [32mINFO[39m: [36mMigrated:  20261004_230000_portal_features (1ms)[39m
[05:29:26] [32mINFO[39m: [36mMigrating: 20261005_010000_admin_ops[39m
[05:29:26] [32mINFO[39m: [36mMigrated:  20261005_010000_admin_ops (31ms)[39m
[05:29:26] [32mINFO[39m: [36mMigrating: 20261005_020000_trash[39m
[05:29:26] [32mINFO[39m: [36mMigrated:  20261005_020000_trash (20ms)[39m
Harvest: 172 verses and hadith across 31 talks. No quotation found in 5: Gratitude is the Greatest Blessing | Gems from Ibn Ata Illah Ep. 1 | Shaykh Mikaeel Ahmed Smith; How to Manage Your Anger - Amjad Tarsin; Moments of Solitude: Closeness to God | Jummah Khutbah | Imam Khalid Latif | 3.11.2022; On Mosques, Companionship, & Knowledge; Quranic Connection #26: A Cure for Anxiety | Shaykh Suleiman Hani.
Harvest sample: 4 lines kept for Maryam.
Feedback demo: sample answers are on the East London and Leeds desks.
Seeded HEARTS. Master: master@hearts.test / hearts-master
Access codes (also on the master desk, and in data/seed-codes-test.json):
  elm-teacher    ELM-EKT8-A4YR
  elm-admin      ELM-8VPH-CB9T
  elm-learner    ELM-9MDX-PAKG
  elm-parent     ELM-XN8T-7HJN
  leeds-teacher  LEEDS-HQW9-YFQJ
  leeds-learner  LEEDS-AKMH-VXCU

Running 1 test using 1 worker

(node:59318) Warning: The 'NO_COLOR' env is ignored due to the 'FORCE_COLOR' env being set.
(Use `node --trace-warnings ...` to show where the warning was created)


(node:59318) Warning: The 'NO_COLOR' env is ignored due to the 'FORCE_COLOR' env being set.
(Use `node --trace-warnings ...` to show where the warning was created)


[1/1] tests/e2e/integration-final.spec.ts:67:1 › a learner joins by code, takes the persona quiz, stays on level, steps up by Learn more, answers an imported pop-up and finds it all again
[WebServer] (node:59222) DeprecationWarning: Calling client.query() when the client is already executing a query is deprecated and will be removed in pg@9.0. Use async/await or an external async flow control mechanism instead.
[WebServer] (Use `node --trace-deprecation ...` to show where the warning was created)

  1) tests/e2e/integration-final.spec.ts:67:1 › a learner joins by code, takes the persona quiz, stays on level, steps up by Learn more, answers an imported pop-up and finds it all again 

    Test timeout of 240000ms exceeded.

    "afterAll" hook timeout of 180000ms exceeded.

      52 | })
      53 |
    > 54 | test.afterAll(async () => {
         |      ^
      55 |   const course = (await json(await master.get(`/api/courses?where[title][equals]=${encodeURIComponent(COURSE)}&depth=0`))).docs?.[0]?.id
      56 |   if (course) {
      57 |     await master.delete(`/api/engagement-points?where[prompt][equals]=${encodeURIComponent(PROMPT)}`)
        at /workspace/hearts-prototype/tests/e2e/integration-final.spec.ts:54:6

    Error Context: test-results/integration-final-a-learne-91e4c-p-up-and-finds-it-all-again/error-context.md

    Error Context: test-results/integration-final-a-learne-91e4c-p-up-and-finds-it-all-again/error-context.md


  1 failed
    tests/e2e/integration-final.spec.ts:67:1 › a learner joins by code, takes the persona quiz, stays on level, steps up by Learn more, answers an imported pop-up and finds it all again 
EXIT:1 integration-final.spec.ts try 1
===== integration-final.spec.ts :: a learner joins by code, takes the persona quiz :: try 2 =====
Wiped the Postgres database (dropped the public schema).
[05:37:00] [33mWARN[39m: [36mNo email adapter provided. Email will be written to console. More info at https://payloadcms.com/docs/email/overview.[39m
[05:37:00] [32mINFO[39m: [36mReading migration files from /workspace/hearts-prototype/src/migrations[39m
[05:37:00] [32mINFO[39m: [36mMigrating: 20261003_103330_initial[39m
[05:37:01] [32mINFO[39m: [36mMigrated:  20261003_103330_initial (979ms)[39m
[05:37:01] [32mINFO[39m: [36mMigrating: 20261003_124500_integration_part1[39m
[05:37:01] [32mINFO[39m: [36mMigrated:  20261003_124500_integration_part1 (206ms)[39m
[05:37:01] [32mINFO[39m: [36mMigrating: 20261003_131651_integration_part2[39m
[05:37:01] [32mINFO[39m: [36mMigrated:  20261003_131651_integration_part2 (66ms)[39m
[05:37:01] [32mINFO[39m: [36mMigrating: 20261003_140611_harvest[39m
[05:37:01] [32mINFO[39m: [36mMigrated:  20261003_140611_harvest (18ms)[39m
[05:37:01] [32mINFO[39m: [36mMigrating: 20261003_180616_jibril_doors[39m
[05:37:01] [32mINFO[39m: [36mMigrated:  20261003_180616_jibril_doors (21ms)[39m
[05:37:01] [32mINFO[39m: [36mMigrating: 20261003_194500_line_tidy[39m
[05:37:01] [32mINFO[39m: [36mMigrated:  20261003_194500_line_tidy (1ms)[39m
[05:37:01] [32mINFO[39m: [36mMigrating: 20261003_200853_integration_final[39m
[05:37:01] [32mINFO[39m: [36mMigrated:  20261003_200853_integration_final (35ms)[39m
[05:37:01] [32mINFO[39m: [36mMigrating: 20261003_220000_feedback[39m
[05:37:01] [32mINFO[39m: [36mMigrated:  20261003_220000_feedback (36ms)[39m
[05:37:01] [32mINFO[39m: [36mMigrating: 20261004_031500_gather[39m
[05:37:01] [32mINFO[39m: [36mMigrated:  20261004_031500_gather (82ms)[39m
[05:37:01] [32mINFO[39m: [36mMigrating: 20261004_060000_shorts[39m
[05:37:01] [32mINFO[39m: [36mMigrated:  20261004_060000_shorts (2ms)[39m
[05:37:01] [32mINFO[39m: [36mMigrating: 20261004_061000_portal_time_zone[39m
[05:37:01] [32mINFO[39m: [36mMigrated:  20261004_061000_portal_time_zone (0ms)[39m
[05:37:01] [32mINFO[39m: [36mMigrating: 20261004_080000_lesson_picture_flags[39m
[05:37:01] [32mINFO[39m: [36mMigrated:  20261004_080000_lesson_picture_flags (1ms)[39m
[05:37:01] [32mINFO[39m: [36mMigrating: 20261004_120000_compass_v2[39m
[05:37:01] [32mINFO[39m: [36mMigrated:  20261004_120000_compass_v2 (33ms)[39m
[05:37:01] [32mINFO[39m: [36mMigrating: 20261004_180000_gather_entry_code[39m
[05:37:01] [32mINFO[39m: [36mMigrated:  20261004_180000_gather_entry_code (1ms)[39m
[05:37:01] [32mINFO[39m: [36mMigrating: 20261004_210000_schedule_minutes[39m
[05:37:01] [32mINFO[39m: [36mMigrated:  20261004_210000_schedule_minutes (1ms)[39m
[05:37:01] [32mINFO[39m: [36mMigrating: 20261004_230000_portal_features[39m
[05:37:01] [32mINFO[39m: [36mMigrated:  20261004_230000_portal_features (1ms)[39m
[05:37:01] [32mINFO[39m: [36mMigrating: 20261005_010000_admin_ops[39m
[05:37:01] [32mINFO[39m: [36mMigrated:  20261005_010000_admin_ops (43ms)[39m
[05:37:01] [32mINFO[39m: [36mMigrating: 20261005_020000_trash[39m
[05:37:01] [32mINFO[39m: [36mMigrated:  20261005_020000_trash (22ms)[39m
Harvest: 172 verses and hadith across 31 talks. No quotation found in 5: Gratitude is the Greatest Blessing | Gems from Ibn Ata Illah Ep. 1 | Shaykh Mikaeel Ahmed Smith; How to Manage Your Anger - Amjad Tarsin; Moments of Solitude: Closeness to God | Jummah Khutbah | Imam Khalid Latif | 3.11.2022; On Mosques, Companionship, & Knowledge; Quranic Connection #26: A Cure for Anxiety | Shaykh Suleiman Hani.
Harvest sample: 4 lines kept for Maryam.
Feedback demo: sample answers are on the East London and Leeds desks.
Seeded HEARTS. Master: master@hearts.test / hearts-master
Access codes (also on the master desk, and in data/seed-codes-test.json):
  elm-teacher    ELM-9ABQ-PBYH
  elm-admin      ELM-XXTQ-34PP
  elm-learner    ELM-B7HT-J3JN
  elm-parent     ELM-AQYK-4E9D
  leeds-teacher  LEEDS-F6QW-49JQ
  leeds-learner  LEEDS-DJ8H-JRTV

Running 1 test using 1 worker

(node:59795) Warning: The 'NO_COLOR' env is ignored due to the 'FORCE_COLOR' env being set.
(Use `node --trace-warnings ...` to show where the warning was created)


(node:59795) Warning: The 'NO_COLOR' env is ignored due to the 'FORCE_COLOR' env being set.
(Use `node --trace-warnings ...` to show where the warning was created)


[1/1] tests/e2e/integration-final.spec.ts:67:1 › a learner joins by code, takes the persona quiz, stays on level, steps up by Learn more, answers an imported pop-up and finds it all again
[WebServer] (node:59700) DeprecationWarning: Calling client.query() when the client is already executing a query is deprecated and will be removed in pg@9.0. Use async/await or an external async flow control mechanism instead.
[WebServer] (Use `node --trace-deprecation ...` to show where the warning was created)

  1) tests/e2e/integration-final.spec.ts:67:1 › a learner joins by code, takes the persona quiz, stays on level, steps up by Learn more, answers an imported pop-up and finds it all again 

    Test timeout of 240000ms exceeded.

    "afterAll" hook timeout of 180000ms exceeded.

      52 | })
      53 |
    > 54 | test.afterAll(async () => {
         |      ^
      55 |   const course = (await json(await master.get(`/api/courses?where[title][equals]=${encodeURIComponent(COURSE)}&depth=0`))).docs?.[0]?.id
      56 |   if (course) {
      57 |     await master.delete(`/api/engagement-points?where[prompt][equals]=${encodeURIComponent(PROMPT)}`)
        at /workspace/hearts-prototype/tests/e2e/integration-final.spec.ts:54:6

    Error Context: test-results/integration-final-a-learne-91e4c-p-up-and-finds-it-all-again/error-context.md

    Error Context: test-results/integration-final-a-learne-91e4c-p-up-and-finds-it-all-again/error-context.md


  1 failed
    tests/e2e/integration-final.spec.ts:67:1 › a learner joins by code, takes the persona quiz, stays on level, steps up by Learn more, answers an imported pop-up and finds it all again 
EXIT:1 integration-final.spec.ts try 2
===== integration-r3.spec.ts :: a YouTube Short in the feed :: try 1 =====
Wiped the Postgres database (dropped the public schema).
[05:53:45] [33mWARN[39m: [36mNo email adapter provided. Email will be written to console. More info at https://payloadcms.com/docs/email/overview.[39m
[05:53:45] [32mINFO[39m: [36mReading migration files from /workspace/hearts-prototype/src/migrations[39m
[05:53:45] [32mINFO[39m: [36mMigrating: 20261003_103330_initial[39m
[05:53:46] [32mINFO[39m: [36mMigrated:  20261003_103330_initial (897ms)[39m
[05:53:46] [32mINFO[39m: [36mMigrating: 20261003_124500_integration_part1[39m
[05:53:46] [32mINFO[39m: [36mMigrated:  20261003_124500_integration_part1 (162ms)[39m
[05:53:46] [32mINFO[39m: [36mMigrating: 20261003_131651_integration_part2[39m
[05:53:46] [32mINFO[39m: [36mMigrated:  20261003_131651_integration_part2 (27ms)[39m
[05:53:46] [32mINFO[39m: [36mMigrating: 20261003_140611_harvest[39m
[05:53:46] [32mINFO[39m: [36mMigrated:  20261003_140611_harvest (11ms)[39m
[05:53:46] [32mINFO[39m: [36mMigrating: 20261003_180616_jibril_doors[39m
[05:53:46] [32mINFO[39m: [36mMigrated:  20261003_180616_jibril_doors (14ms)[39m
[05:53:46] [32mINFO[39m: [36mMigrating: 20261003_194500_line_tidy[39m
[05:53:46] [32mINFO[39m: [36mMigrated:  20261003_194500_line_tidy (1ms)[39m
[05:53:46] [32mINFO[39m: [36mMigrating: 20261003_200853_integration_final[39m
[05:53:46] [32mINFO[39m: [36mMigrated:  20261003_200853_integration_final (31ms)[39m
[05:53:46] [32mINFO[39m: [36mMigrating: 20261003_220000_feedback[39m
[05:53:46] [32mINFO[39m: [36mMigrated:  20261003_220000_feedback (41ms)[39m
[05:53:46] [32mINFO[39m: [36mMigrating: 20261004_031500_gather[39m
[05:53:46] [32mINFO[39m: [36mMigrated:  20261004_031500_gather (86ms)[39m
[05:53:46] [32mINFO[39m: [36mMigrating: 20261004_060000_shorts[39m
[05:53:46] [32mINFO[39m: [36mMigrated:  20261004_060000_shorts (2ms)[39m
[05:53:46] [32mINFO[39m: [36mMigrating: 20261004_061000_portal_time_zone[39m
[05:53:46] [32mINFO[39m: [36mMigrated:  20261004_061000_portal_time_zone (1ms)[39m
[05:53:46] [32mINFO[39m: [36mMigrating: 20261004_080000_lesson_picture_flags[39m
[05:53:46] [32mINFO[39m: [36mMigrated:  20261004_080000_lesson_picture_flags (2ms)[39m
[05:53:46] [32mINFO[39m: [36mMigrating: 20261004_120000_compass_v2[39m
[05:53:46] [32mINFO[39m: [36mMigrated:  20261004_120000_compass_v2 (29ms)[39m
[05:53:46] [32mINFO[39m: [36mMigrating: 20261004_180000_gather_entry_code[39m
[05:53:46] [32mINFO[39m: [36mMigrated:  20261004_180000_gather_entry_code (2ms)[39m
[05:53:46] [32mINFO[39m: [36mMigrating: 20261004_210000_schedule_minutes[39m
[05:53:46] [32mINFO[39m: [36mMigrated:  20261004_210000_schedule_minutes (1ms)[39m
[05:53:46] [32mINFO[39m: [36mMigrating: 20261004_230000_portal_features[39m
[05:53:46] [32mINFO[39m: [36mMigrated:  20261004_230000_portal_features (0ms)[39m
[05:53:46] [32mINFO[39m: [36mMigrating: 20261005_010000_admin_ops[39m
[05:53:46] [32mINFO[39m: [36mMigrated:  20261005_010000_admin_ops (47ms)[39m
[05:53:46] [32mINFO[39m: [36mMigrating: 20261005_020000_trash[39m
[05:53:46] [32mINFO[39m: [36mMigrated:  20261005_020000_trash (13ms)[39m
Harvest: 172 verses and hadith across 31 talks. No quotation found in 5: Gratitude is the Greatest Blessing | Gems from Ibn Ata Illah Ep. 1 | Shaykh Mikaeel Ahmed Smith; How to Manage Your Anger - Amjad Tarsin; Moments of Solitude: Closeness to God | Jummah Khutbah | Imam Khalid Latif | 3.11.2022; On Mosques, Companionship, & Knowledge; Quranic Connection #26: A Cure for Anxiety | Shaykh Suleiman Hani.
Harvest sample: 4 lines kept for Maryam.
Feedback demo: sample answers are on the East London and Leeds desks.
Seeded HEARTS. Master: master@hearts.test / hearts-master
Access codes (also on the master desk, and in data/seed-codes-test.json):
  elm-teacher    ELM-Q7X6-DKNW
  elm-admin      ELM-GQNU-BUYX
  elm-learner    ELM-AH8R-NB49
  elm-parent     ELM-V4UK-JFG8
  leeds-teacher  LEEDS-BNQY-RYM3
  leeds-learner  LEEDS-RPYC-PKT8

Running 1 test using 1 worker

(node:60329) Warning: The 'NO_COLOR' env is ignored due to the 'FORCE_COLOR' env being set.
(Use `node --trace-warnings ...` to show where the warning was created)


(node:60329) Warning: The 'NO_COLOR' env is ignored due to the 'FORCE_COLOR' env being set.
(Use `node --trace-warnings ...` to show where the warning was created)


[1/1] tests/e2e/integration-r3.spec.ts:57:1 › a YouTube Short in the feed: no caption over its burned-in words, Follow at the top, and our own poster
  1 passed (46.9s)
EXIT:0 integration-r3.spec.ts try 1
===== integration-r3.spec.ts :: a YouTube Short in the feed :: try 2 =====
Wiped the Postgres database (dropped the public schema).
[05:54:33] [33mWARN[39m: [36mNo email adapter provided. Email will be written to console. More info at https://payloadcms.com/docs/email/overview.[39m
[05:54:33] [32mINFO[39m: [36mReading migration files from /workspace/hearts-prototype/src/migrations[39m
[05:54:33] [32mINFO[39m: [36mMigrating: 20261003_103330_initial[39m
[05:54:34] [32mINFO[39m: [36mMigrated:  20261003_103330_initial (846ms)[39m
[05:54:34] [32mINFO[39m: [36mMigrating: 20261003_124500_integration_part1[39m
[05:54:34] [32mINFO[39m: [36mMigrated:  20261003_124500_integration_part1 (116ms)[39m
[05:54:34] [32mINFO[39m: [36mMigrating: 20261003_131651_integration_part2[39m
[05:54:34] [32mINFO[39m: [36mMigrated:  20261003_131651_integration_part2 (35ms)[39m
[05:54:34] [32mINFO[39m: [36mMigrating: 20261003_140611_harvest[39m
[05:54:34] [32mINFO[39m: [36mMigrated:  20261003_140611_harvest (12ms)[39m
[05:54:34] [32mINFO[39m: [36mMigrating: 20261003_180616_jibril_doors[39m
[05:54:34] [32mINFO[39m: [36mMigrated:  20261003_180616_jibril_doors (14ms)[39m
[05:54:34] [32mINFO[39m: [36mMigrating: 20261003_194500_line_tidy[39m
[05:54:34] [32mINFO[39m: [36mMigrated:  20261003_194500_line_tidy (2ms)[39m
[05:54:34] [32mINFO[39m: [36mMigrating: 20261003_200853_integration_final[39m
[05:54:34] [32mINFO[39m: [36mMigrated:  20261003_200853_integration_final (31ms)[39m
[05:54:34] [32mINFO[39m: [36mMigrating: 20261003_220000_feedback[39m
[05:54:34] [32mINFO[39m: [36mMigrated:  20261003_220000_feedback (38ms)[39m
[05:54:34] [32mINFO[39m: [36mMigrating: 20261004_031500_gather[39m
[05:54:34] [32mINFO[39m: [36mMigrated:  20261004_031500_gather (61ms)[39m
[05:54:34] [32mINFO[39m: [36mMigrating: 20261004_060000_shorts[39m
[05:54:34] [32mINFO[39m: [36mMigrated:  20261004_060000_shorts (1ms)[39m
[05:54:34] [32mINFO[39m: [36mMigrating: 20261004_061000_portal_time_zone[39m
[05:54:34] [32mINFO[39m: [36mMigrated:  20261004_061000_portal_time_zone (1ms)[39m
[05:54:34] [32mINFO[39m: [36mMigrating: 20261004_080000_lesson_picture_flags[39m
[05:54:34] [32mINFO[39m: [36mMigrated:  20261004_080000_lesson_picture_flags (1ms)[39m
[05:54:34] [32mINFO[39m: [36mMigrating: 20261004_120000_compass_v2[39m
[05:54:34] [32mINFO[39m: [36mMigrated:  20261004_120000_compass_v2 (38ms)[39m
[05:54:34] [32mINFO[39m: [36mMigrating: 20261004_180000_gather_entry_code[39m
[05:54:34] [32mINFO[39m: [36mMigrated:  20261004_180000_gather_entry_code (1ms)[39m
[05:54:34] [32mINFO[39m: [36mMigrating: 20261004_210000_schedule_minutes[39m
[05:54:34] [32mINFO[39m: [36mMigrated:  20261004_210000_schedule_minutes (1ms)[39m
[05:54:34] [32mINFO[39m: [36mMigrating: 20261004_230000_portal_features[39m
[05:54:34] [32mINFO[39m: [36mMigrated:  20261004_230000_portal_features (1ms)[39m
[05:54:34] [32mINFO[39m: [36mMigrating: 20261005_010000_admin_ops[39m
[05:54:34] [32mINFO[39m: [36mMigrated:  20261005_010000_admin_ops (36ms)[39m
[05:54:34] [32mINFO[39m: [36mMigrating: 20261005_020000_trash[39m
[05:54:34] [32mINFO[39m: [36mMigrated:  20261005_020000_trash (22ms)[39m
Harvest: 172 verses and hadith across 31 talks. No quotation found in 5: Gratitude is the Greatest Blessing | Gems from Ibn Ata Illah Ep. 1 | Shaykh Mikaeel Ahmed Smith; How to Manage Your Anger - Amjad Tarsin; Moments of Solitude: Closeness to God | Jummah Khutbah | Imam Khalid Latif | 3.11.2022; On Mosques, Companionship, & Knowledge; Quranic Connection #26: A Cure for Anxiety | Shaykh Suleiman Hani.
Harvest sample: 4 lines kept for Maryam.
Feedback demo: sample answers are on the East London and Leeds desks.
Seeded HEARTS. Master: master@hearts.test / hearts-master
Access codes (also on the master desk, and in data/seed-codes-test.json):
  elm-teacher    ELM-TWQJ-VD67
  elm-admin      ELM-R48F-RPJW
  elm-learner    ELM-9JTH-TDXE
  elm-parent     ELM-PMV9-KBAV
  leeds-teacher  LEEDS-P4NC-YV3X
  leeds-learner  LEEDS-WMC4-6K47

Running 1 test using 1 worker

(node:60640) Warning: The 'NO_COLOR' env is ignored due to the 'FORCE_COLOR' env being set.
(Use `node --trace-warnings ...` to show where the warning was created)


(node:60640) Warning: The 'NO_COLOR' env is ignored due to the 'FORCE_COLOR' env being set.
(Use `node --trace-warnings ...` to show where the warning was created)


[1/1] tests/e2e/integration-r3.spec.ts:57:1 › a YouTube Short in the feed: no caption over its burned-in words, Follow at the top, and our own poster
  1 passed (47.2s)
EXIT:0 integration-r3.spec.ts try 2
===== integration-r3.spec.ts :: an opened pack spans the main area :: try 1 =====
Wiped the Postgres database (dropped the public schema).
[05:55:18] [33mWARN[39m: [36mNo email adapter provided. Email will be written to console. More info at https://payloadcms.com/docs/email/overview.[39m
[05:55:18] [32mINFO[39m: [36mReading migration files from /workspace/hearts-prototype/src/migrations[39m
[05:55:18] [32mINFO[39m: [36mMigrating: 20261003_103330_initial[39m
[05:55:19] [32mINFO[39m: [36mMigrated:  20261003_103330_initial (813ms)[39m
[05:55:19] [32mINFO[39m: [36mMigrating: 20261003_124500_integration_part1[39m
[05:55:19] [32mINFO[39m: [36mMigrated:  20261003_124500_integration_part1 (167ms)[39m
[05:55:19] [32mINFO[39m: [36mMigrating: 20261003_131651_integration_part2[39m
[05:55:19] [32mINFO[39m: [36mMigrated:  20261003_131651_integration_part2 (64ms)[39m
[05:55:19] [32mINFO[39m: [36mMigrating: 20261003_140611_harvest[39m
[05:55:19] [32mINFO[39m: [36mMigrated:  20261003_140611_harvest (20ms)[39m
[05:55:19] [32mINFO[39m: [36mMigrating: 20261003_180616_jibril_doors[39m
[05:55:20] [32mINFO[39m: [36mMigrated:  20261003_180616_jibril_doors (17ms)[39m
[05:55:20] [32mINFO[39m: [36mMigrating: 20261003_194500_line_tidy[39m
[05:55:20] [32mINFO[39m: [36mMigrated:  20261003_194500_line_tidy (1ms)[39m
[05:55:20] [32mINFO[39m: [36mMigrating: 20261003_200853_integration_final[39m
[05:55:20] [32mINFO[39m: [36mMigrated:  20261003_200853_integration_final (49ms)[39m
[05:55:20] [32mINFO[39m: [36mMigrating: 20261003_220000_feedback[39m
[05:55:20] [32mINFO[39m: [36mMigrated:  20261003_220000_feedback (49ms)[39m
[05:55:20] [32mINFO[39m: [36mMigrating: 20261004_031500_gather[39m
[05:55:20] [32mINFO[39m: [36mMigrated:  20261004_031500_gather (86ms)[39m
[05:55:20] [32mINFO[39m: [36mMigrating: 20261004_060000_shorts[39m
[05:55:20] [32mINFO[39m: [36mMigrated:  20261004_060000_shorts (4ms)[39m
[05:55:20] [32mINFO[39m: [36mMigrating: 20261004_061000_portal_time_zone[39m
[05:55:20] [32mINFO[39m: [36mMigrated:  20261004_061000_portal_time_zone (1ms)[39m
[05:55:20] [32mINFO[39m: [36mMigrating: 20261004_080000_lesson_picture_flags[39m
[05:55:20] [32mINFO[39m: [36mMigrated:  20261004_080000_lesson_picture_flags (1ms)[39m
[05:55:20] [32mINFO[39m: [36mMigrating: 20261004_120000_compass_v2[39m
[05:55:20] [32mINFO[39m: [36mMigrated:  20261004_120000_compass_v2 (43ms)[39m
[05:55:20] [32mINFO[39m: [36mMigrating: 20261004_180000_gather_entry_code[39m
[05:55:20] [32mINFO[39m: [36mMigrated:  20261004_180000_gather_entry_code (0ms)[39m
[05:55:20] [32mINFO[39m: [36mMigrating: 20261004_210000_schedule_minutes[39m
[05:55:20] [32mINFO[39m: [36mMigrated:  20261004_210000_schedule_minutes (1ms)[39m
[05:55:20] [32mINFO[39m: [36mMigrating: 20261004_230000_portal_features[39m
[05:55:20] [32mINFO[39m: [36mMigrated:  20261004_230000_portal_features (1ms)[39m
[05:55:20] [32mINFO[39m: [36mMigrating: 20261005_010000_admin_ops[39m
[05:55:20] [32mINFO[39m: [36mMigrated:  20261005_010000_admin_ops (26ms)[39m
[05:55:20] [32mINFO[39m: [36mMigrating: 20261005_020000_trash[39m
[05:55:20] [32mINFO[39m: [36mMigrated:  20261005_020000_trash (14ms)[39m
Harvest: 172 verses and hadith across 31 talks. No quotation found in 5: Gratitude is the Greatest Blessing | Gems from Ibn Ata Illah Ep. 1 | Shaykh Mikaeel Ahmed Smith; How to Manage Your Anger - Amjad Tarsin; Moments of Solitude: Closeness to God | Jummah Khutbah | Imam Khalid Latif | 3.11.2022; On Mosques, Companionship, & Knowledge; Quranic Connection #26: A Cure for Anxiety | Shaykh Suleiman Hani.
Harvest sample: 4 lines kept for Maryam.
Feedback demo: sample answers are on the East London and Leeds desks.
Seeded HEARTS. Master: master@hearts.test / hearts-master
Access codes (also on the master desk, and in data/seed-codes-test.json):
  elm-teacher    ELM-RX7K-4UGR
  elm-admin      ELM-XUFC-MRP7
  elm-learner    ELM-HFX3-M986
  elm-parent     ELM-PQ7Q-RGNU
  leeds-teacher  LEEDS-VPM4-8QPH
  leeds-learner  LEEDS-4A39-PURY

Running 1 test using 1 worker

(node:60947) Warning: The 'NO_COLOR' env is ignored due to the 'FORCE_COLOR' env being set.
(Use `node --trace-warnings ...` to show where the warning was created)


(node:60947) Warning: The 'NO_COLOR' env is ignored due to the 'FORCE_COLOR' env being set.
(Use `node --trace-warnings ...` to show where the warning was created)


[1/1] tests/e2e/integration-r3.spec.ts:172:1 › an opened pack spans the main area as at most about 20 door tiles, with no seats until a door opens, then one clean heading per Ghunya seat
  1 passed (43.8s)
EXIT:0 integration-r3.spec.ts try 1
===== integration-r3.spec.ts :: an opened pack spans the main area :: try 2 =====
Wiped the Postgres database (dropped the public schema).
[05:56:03] [33mWARN[39m: [36mNo email adapter provided. Email will be written to console. More info at https://payloadcms.com/docs/email/overview.[39m
[05:56:03] [32mINFO[39m: [36mReading migration files from /workspace/hearts-prototype/src/migrations[39m
[05:56:03] [32mINFO[39m: [36mMigrating: 20261003_103330_initial[39m
[05:56:04] [32mINFO[39m: [36mMigrated:  20261003_103330_initial (908ms)[39m
[05:56:04] [32mINFO[39m: [36mMigrating: 20261003_124500_integration_part1[39m
[05:56:04] [32mINFO[39m: [36mMigrated:  20261003_124500_integration_part1 (152ms)[39m
[05:56:04] [32mINFO[39m: [36mMigrating: 20261003_131651_integration_part2[39m
[05:56:04] [32mINFO[39m: [36mMigrated:  20261003_131651_integration_part2 (49ms)[39m
[05:56:04] [32mINFO[39m: [36mMigrating: 20261003_140611_harvest[39m
[05:56:04] [32mINFO[39m: [36mMigrated:  20261003_140611_harvest (24ms)[39m
[05:56:04] [32mINFO[39m: [36mMigrating: 20261003_180616_jibril_doors[39m
[05:56:04] [32mINFO[39m: [36mMigrated:  20261003_180616_jibril_doors (20ms)[39m
[05:56:04] [32mINFO[39m: [36mMigrating: 20261003_194500_line_tidy[39m
[05:56:04] [32mINFO[39m: [36mMigrated:  20261003_194500_line_tidy (1ms)[39m
[05:56:04] [32mINFO[39m: [36mMigrating: 20261003_200853_integration_final[39m
[05:56:04] [32mINFO[39m: [36mMigrated:  20261003_200853_integration_final (46ms)[39m
[05:56:04] [32mINFO[39m: [36mMigrating: 20261003_220000_feedback[39m
[05:56:04] [32mINFO[39m: [36mMigrated:  20261003_220000_feedback (33ms)[39m
[05:56:04] [32mINFO[39m: [36mMigrating: 20261004_031500_gather[39m
[05:56:05] [32mINFO[39m: [36mMigrated:  20261004_031500_gather (75ms)[39m
[05:56:05] [32mINFO[39m: [36mMigrating: 20261004_060000_shorts[39m
[05:56:05] [32mINFO[39m: [36mMigrated:  20261004_060000_shorts (2ms)[39m
[05:56:05] [32mINFO[39m: [36mMigrating: 20261004_061000_portal_time_zone[39m
[05:56:05] [32mINFO[39m: [36mMigrated:  20261004_061000_portal_time_zone (1ms)[39m
[05:56:05] [32mINFO[39m: [36mMigrating: 20261004_080000_lesson_picture_flags[39m
[05:56:05] [32mINFO[39m: [36mMigrated:  20261004_080000_lesson_picture_flags (1ms)[39m
[05:56:05] [32mINFO[39m: [36mMigrating: 20261004_120000_compass_v2[39m
[05:56:05] [32mINFO[39m: [36mMigrated:  20261004_120000_compass_v2 (27ms)[39m
[05:56:05] [32mINFO[39m: [36mMigrating: 20261004_180000_gather_entry_code[39m
[05:56:05] [32mINFO[39m: [36mMigrated:  20261004_180000_gather_entry_code (3ms)[39m
[05:56:05] [32mINFO[39m: [36mMigrating: 20261004_210000_schedule_minutes[39m
[05:56:05] [32mINFO[39m: [36mMigrated:  20261004_210000_schedule_minutes (1ms)[39m
[05:56:05] [32mINFO[39m: [36mMigrating: 20261004_230000_portal_features[39m
[05:56:05] [32mINFO[39m: [36mMigrated:  20261004_230000_portal_features (1ms)[39m
[05:56:05] [32mINFO[39m: [36mMigrating: 20261005_010000_admin_ops[39m
[05:56:05] [32mINFO[39m: [36mMigrated:  20261005_010000_admin_ops (28ms)[39m
[05:56:05] [32mINFO[39m: [36mMigrating: 20261005_020000_trash[39m
[05:56:05] [32mINFO[39m: [36mMigrated:  20261005_020000_trash (25ms)[39m
Harvest: 172 verses and hadith across 31 talks. No quotation found in 5: Gratitude is the Greatest Blessing | Gems from Ibn Ata Illah Ep. 1 | Shaykh Mikaeel Ahmed Smith; How to Manage Your Anger - Amjad Tarsin; Moments of Solitude: Closeness to God | Jummah Khutbah | Imam Khalid Latif | 3.11.2022; On Mosques, Companionship, & Knowledge; Quranic Connection #26: A Cure for Anxiety | Shaykh Suleiman Hani.
Harvest sample: 4 lines kept for Maryam.
Feedback demo: sample answers are on the East London and Leeds desks.
Seeded HEARTS. Master: master@hearts.test / hearts-master
Access codes (also on the master desk, and in data/seed-codes-test.json):
  elm-teacher    ELM-YXJ9-EPKD
  elm-admin      ELM-AMYM-QF96
  elm-learner    ELM-A8Q8-64XP
  elm-parent     ELM-RA67-W9B4
  leeds-teacher  LEEDS-QENQ-XGPC
  leeds-learner  LEEDS-THHF-FFKH

Running 1 test using 1 worker

(node:61240) Warning: The 'NO_COLOR' env is ignored due to the 'FORCE_COLOR' env being set.
(Use `node --trace-warnings ...` to show where the warning was created)


(node:61240) Warning: The 'NO_COLOR' env is ignored due to the 'FORCE_COLOR' env being set.
(Use `node --trace-warnings ...` to show where the warning was created)


[1/1] tests/e2e/integration-r3.spec.ts:172:1 › an opened pack spans the main area as at most about 20 door tiles, with no seats until a door opens, then one clean heading per Ghunya seat
  1 passed (42.7s)
EXIT:0 integration-r3.spec.ts try 2
===== journeys.spec.ts :: master opens a portal, a pack and its codes :: try 1 =====
Wiped the Postgres database (dropped the public schema).
[05:56:46] [33mWARN[39m: [36mNo email adapter provided. Email will be written to console. More info at https://payloadcms.com/docs/email/overview.[39m
[05:56:46] [32mINFO[39m: [36mReading migration files from /workspace/hearts-prototype/src/migrations[39m
[05:56:46] [32mINFO[39m: [36mMigrating: 20261003_103330_initial[39m
[05:56:47] [32mINFO[39m: [36mMigrated:  20261003_103330_initial (825ms)[39m
[05:56:47] [32mINFO[39m: [36mMigrating: 20261003_124500_integration_part1[39m
[05:56:47] [32mINFO[39m: [36mMigrated:  20261003_124500_integration_part1 (183ms)[39m
[05:56:47] [32mINFO[39m: [36mMigrating: 20261003_131651_integration_part2[39m
[05:56:47] [32mINFO[39m: [36mMigrated:  20261003_131651_integration_part2 (61ms)[39m
[05:56:47] [32mINFO[39m: [36mMigrating: 20261003_140611_harvest[39m
[05:56:47] [32mINFO[39m: [36mMigrated:  20261003_140611_harvest (23ms)[39m
[05:56:47] [32mINFO[39m: [36mMigrating: 20261003_180616_jibril_doors[39m
[05:56:47] [32mINFO[39m: [36mMigrated:  20261003_180616_jibril_doors (13ms)[39m
[05:56:47] [32mINFO[39m: [36mMigrating: 20261003_194500_line_tidy[39m
[05:56:47] [32mINFO[39m: [36mMigrated:  20261003_194500_line_tidy (1ms)[39m
[05:56:47] [32mINFO[39m: [36mMigrating: 20261003_200853_integration_final[39m
[05:56:47] [32mINFO[39m: [36mMigrated:  20261003_200853_integration_final (24ms)[39m
[05:56:47] [32mINFO[39m: [36mMigrating: 20261003_220000_feedback[39m
[05:56:47] [32mINFO[39m: [36mMigrated:  20261003_220000_feedback (49ms)[39m
[05:56:47] [32mINFO[39m: [36mMigrating: 20261004_031500_gather[39m
[05:56:48] [32mINFO[39m: [36mMigrated:  20261004_031500_gather (100ms)[39m
[05:56:48] [32mINFO[39m: [36mMigrating: 20261004_060000_shorts[39m
[05:56:48] [32mINFO[39m: [36mMigrated:  20261004_060000_shorts (2ms)[39m
[05:56:48] [32mINFO[39m: [36mMigrating: 20261004_061000_portal_time_zone[39m
[05:56:48] [32mINFO[39m: [36mMigrated:  20261004_061000_portal_time_zone (1ms)[39m
[05:56:48] [32mINFO[39m: [36mMigrating: 20261004_080000_lesson_picture_flags[39m
[05:56:48] [32mINFO[39m: [36mMigrated:  20261004_080000_lesson_picture_flags (1ms)[39m
[05:56:48] [32mINFO[39m: [36mMigrating: 20261004_120000_compass_v2[39m
[05:56:48] [32mINFO[39m: [36mMigrated:  20261004_120000_compass_v2 (31ms)[39m
[05:56:48] [32mINFO[39m: [36mMigrating: 20261004_180000_gather_entry_code[39m
[05:56:48] [32mINFO[39m: [36mMigrated:  20261004_180000_gather_entry_code (1ms)[39m
[05:56:48] [32mINFO[39m: [36mMigrating: 20261004_210000_schedule_minutes[39m
[05:56:48] [32mINFO[39m: [36mMigrated:  20261004_210000_schedule_minutes (1ms)[39m
[05:56:48] [32mINFO[39m: [36mMigrating: 20261004_230000_portal_features[39m
[05:56:48] [32mINFO[39m: [36mMigrated:  20261004_230000_portal_features (1ms)[39m
[05:56:48] [32mINFO[39m: [36mMigrating: 20261005_010000_admin_ops[39m
[05:56:48] [32mINFO[39m: [36mMigrated:  20261005_010000_admin_ops (42ms)[39m
[05:56:48] [32mINFO[39m: [36mMigrating: 20261005_020000_trash[39m
[05:56:48] [32mINFO[39m: [36mMigrated:  20261005_020000_trash (24ms)[39m
Harvest: 172 verses and hadith across 31 talks. No quotation found in 5: Gratitude is the Greatest Blessing | Gems from Ibn Ata Illah Ep. 1 | Shaykh Mikaeel Ahmed Smith; How to Manage Your Anger - Amjad Tarsin; Moments of Solitude: Closeness to God | Jummah Khutbah | Imam Khalid Latif | 3.11.2022; On Mosques, Companionship, & Knowledge; Quranic Connection #26: A Cure for Anxiety | Shaykh Suleiman Hani.
Harvest sample: 4 lines kept for Maryam.
Feedback demo: sample answers are on the East London and Leeds desks.
Seeded HEARTS. Master: master@hearts.test / hearts-master
Access codes (also on the master desk, and in data/seed-codes-test.json):
  elm-teacher    ELM-4JUY-8XGW
  elm-admin      ELM-RNEH-7DB7
  elm-learner    ELM-3VH3-CR44
  elm-parent     ELM-NT79-TRJ4
  leeds-teacher  LEEDS-D9G9-V49A
  leeds-learner  LEEDS-QEU8-UHTY

Running 1 test using 1 worker

(node:61542) Warning: The 'NO_COLOR' env is ignored due to the 'FORCE_COLOR' env being set.
(Use `node --trace-warnings ...` to show where the warning was created)


(node:61542) Warning: The 'NO_COLOR' env is ignored due to the 'FORCE_COLOR' env being set.
(Use `node --trace-warnings ...` to show where the warning was created)


[1/1] tests/e2e/journeys.spec.ts:96:3 › HEARTS journeys › master opens a portal, a pack and its codes
  1 passed (37.1s)
EXIT:0 journeys.spec.ts try 1
===== journeys.spec.ts :: master opens a portal, a pack and its codes :: try 2 =====
Wiped the Postgres database (dropped the public schema).
[05:57:24] [33mWARN[39m: [36mNo email adapter provided. Email will be written to console. More info at https://payloadcms.com/docs/email/overview.[39m
[05:57:24] [32mINFO[39m: [36mReading migration files from /workspace/hearts-prototype/src/migrations[39m
[05:57:24] [32mINFO[39m: [36mMigrating: 20261003_103330_initial[39m
[05:57:25] [32mINFO[39m: [36mMigrated:  20261003_103330_initial (1064ms)[39m
[05:57:25] [32mINFO[39m: [36mMigrating: 20261003_124500_integration_part1[39m
[05:57:25] [32mINFO[39m: [36mMigrated:  20261003_124500_integration_part1 (155ms)[39m
[05:57:25] [32mINFO[39m: [36mMigrating: 20261003_131651_integration_part2[39m
[05:57:25] [32mINFO[39m: [36mMigrated:  20261003_131651_integration_part2 (38ms)[39m
[05:57:25] [32mINFO[39m: [36mMigrating: 20261003_140611_harvest[39m
[05:57:25] [32mINFO[39m: [36mMigrated:  20261003_140611_harvest (16ms)[39m
[05:57:25] [32mINFO[39m: [36mMigrating: 20261003_180616_jibril_doors[39m
[05:57:25] [32mINFO[39m: [36mMigrated:  20261003_180616_jibril_doors (16ms)[39m
[05:57:25] [32mINFO[39m: [36mMigrating: 20261003_194500_line_tidy[39m
[05:57:25] [32mINFO[39m: [36mMigrated:  20261003_194500_line_tidy (1ms)[39m
[05:57:25] [32mINFO[39m: [36mMigrating: 20261003_200853_integration_final[39m
[05:57:25] [32mINFO[39m: [36mMigrated:  20261003_200853_integration_final (45ms)[39m
[05:57:25] [32mINFO[39m: [36mMigrating: 20261003_220000_feedback[39m
[05:57:25] [32mINFO[39m: [36mMigrated:  20261003_220000_feedback (24ms)[39m
[05:57:25] [32mINFO[39m: [36mMigrating: 20261004_031500_gather[39m
[05:57:25] [32mINFO[39m: [36mMigrated:  20261004_031500_gather (62ms)[39m
[05:57:25] [32mINFO[39m: [36mMigrating: 20261004_060000_shorts[39m
[05:57:25] [32mINFO[39m: [36mMigrated:  20261004_060000_shorts (1ms)[39m
[05:57:25] [32mINFO[39m: [36mMigrating: 20261004_061000_portal_time_zone[39m
[05:57:25] [32mINFO[39m: [36mMigrated:  20261004_061000_portal_time_zone (1ms)[39m
[05:57:25] [32mINFO[39m: [36mMigrating: 20261004_080000_lesson_picture_flags[39m
[05:57:25] [32mINFO[39m: [36mMigrated:  20261004_080000_lesson_picture_flags (1ms)[39m
[05:57:25] [32mINFO[39m: [36mMigrating: 20261004_120000_compass_v2[39m
[05:57:25] [32mINFO[39m: [36mMigrated:  20261004_120000_compass_v2 (25ms)[39m
[05:57:25] [32mINFO[39m: [36mMigrating: 20261004_180000_gather_entry_code[39m
[05:57:25] [32mINFO[39m: [36mMigrated:  20261004_180000_gather_entry_code (1ms)[39m
[05:57:25] [32mINFO[39m: [36mMigrating: 20261004_210000_schedule_minutes[39m
[05:57:25] [32mINFO[39m: [36mMigrated:  20261004_210000_schedule_minutes (0ms)[39m
[05:57:25] [32mINFO[39m: [36mMigrating: 20261004_230000_portal_features[39m
[05:57:25] [32mINFO[39m: [36mMigrated:  20261004_230000_portal_features (0ms)[39m
[05:57:25] [32mINFO[39m: [36mMigrating: 20261005_010000_admin_ops[39m
[05:57:25] [32mINFO[39m: [36mMigrated:  20261005_010000_admin_ops (30ms)[39m
[05:57:25] [32mINFO[39m: [36mMigrating: 20261005_020000_trash[39m
[05:57:25] [32mINFO[39m: [36mMigrated:  20261005_020000_trash (15ms)[39m
Harvest: 172 verses and hadith across 31 talks. No quotation found in 5: Gratitude is the Greatest Blessing | Gems from Ibn Ata Illah Ep. 1 | Shaykh Mikaeel Ahmed Smith; How to Manage Your Anger - Amjad Tarsin; Moments of Solitude: Closeness to God | Jummah Khutbah | Imam Khalid Latif | 3.11.2022; On Mosques, Companionship, & Knowledge; Quranic Connection #26: A Cure for Anxiety | Shaykh Suleiman Hani.
Harvest sample: 4 lines kept for Maryam.
Feedback demo: sample answers are on the East London and Leeds desks.
Seeded HEARTS. Master: master@hearts.test / hearts-master
Access codes (also on the master desk, and in data/seed-codes-test.json):
  elm-teacher    ELM-EX7V-HJPR
  elm-admin      ELM-R3YG-84T9
  elm-learner    ELM-4WYY-PUQN
  elm-parent     ELM-V6C7-P64F
  leeds-teacher  LEEDS-8VMK-C6GH
  leeds-learner  LEEDS-77NJ-8FJ8

Running 1 test using 1 worker

(node:61783) Warning: The 'NO_COLOR' env is ignored due to the 'FORCE_COLOR' env being set.
(Use `node --trace-warnings ...` to show where the warning was created)


(node:61783) Warning: The 'NO_COLOR' env is ignored due to the 'FORCE_COLOR' env being set.
(Use `node --trace-warnings ...` to show where the warning was created)


[1/1] tests/e2e/journeys.spec.ts:96:3 › HEARTS journeys › master opens a portal, a pack and its codes
  1 passed (36.6s)
EXIT:0 journeys.spec.ts try 2
===== library-teach.spec.ts :: library packs are summaries :: try 1 =====
Wiped the Postgres database (dropped the public schema).
[05:58:01] [33mWARN[39m: [36mNo email adapter provided. Email will be written to console. More info at https://payloadcms.com/docs/email/overview.[39m
[05:58:01] [32mINFO[39m: [36mReading migration files from /workspace/hearts-prototype/src/migrations[39m
[05:58:01] [32mINFO[39m: [36mMigrating: 20261003_103330_initial[39m
[05:58:02] [32mINFO[39m: [36mMigrated:  20261003_103330_initial (1120ms)[39m
[05:58:02] [32mINFO[39m: [36mMigrating: 20261003_124500_integration_part1[39m
[05:58:02] [32mINFO[39m: [36mMigrated:  20261003_124500_integration_part1 (123ms)[39m
[05:58:02] [32mINFO[39m: [36mMigrating: 20261003_131651_integration_part2[39m
[05:58:02] [32mINFO[39m: [36mMigrated:  20261003_131651_integration_part2 (38ms)[39m
[05:58:02] [32mINFO[39m: [36mMigrating: 20261003_140611_harvest[39m
[05:58:02] [32mINFO[39m: [36mMigrated:  20261003_140611_harvest (17ms)[39m
[05:58:02] [32mINFO[39m: [36mMigrating: 20261003_180616_jibril_doors[39m
[05:58:02] [32mINFO[39m: [36mMigrated:  20261003_180616_jibril_doors (33ms)[39m
[05:58:02] [32mINFO[39m: [36mMigrating: 20261003_194500_line_tidy[39m
[05:58:02] [32mINFO[39m: [36mMigrated:  20261003_194500_line_tidy (1ms)[39m
[05:58:02] [32mINFO[39m: [36mMigrating: 20261003_200853_integration_final[39m
[05:58:02] [32mINFO[39m: [36mMigrated:  20261003_200853_integration_final (55ms)[39m
[05:58:02] [32mINFO[39m: [36mMigrating: 20261003_220000_feedback[39m
[05:58:02] [32mINFO[39m: [36mMigrated:  20261003_220000_feedback (34ms)[39m
[05:58:02] [32mINFO[39m: [36mMigrating: 20261004_031500_gather[39m
[05:58:02] [32mINFO[39m: [36mMigrated:  20261004_031500_gather (76ms)[39m
[05:58:02] [32mINFO[39m: [36mMigrating: 20261004_060000_shorts[39m
[05:58:02] [32mINFO[39m: [36mMigrated:  20261004_060000_shorts (2ms)[39m
[05:58:02] [32mINFO[39m: [36mMigrating: 20261004_061000_portal_time_zone[39m
[05:58:02] [32mINFO[39m: [36mMigrated:  20261004_061000_portal_time_zone (1ms)[39m
[05:58:02] [32mINFO[39m: [36mMigrating: 20261004_080000_lesson_picture_flags[39m
[05:58:02] [32mINFO[39m: [36mMigrated:  20261004_080000_lesson_picture_flags (2ms)[39m
[05:58:02] [32mINFO[39m: [36mMigrating: 20261004_120000_compass_v2[39m
[05:58:02] [32mINFO[39m: [36mMigrated:  20261004_120000_compass_v2 (50ms)[39m
[05:58:02] [32mINFO[39m: [36mMigrating: 20261004_180000_gather_entry_code[39m
[05:58:02] [32mINFO[39m: [36mMigrated:  20261004_180000_gather_entry_code (1ms)[39m
[05:58:02] [32mINFO[39m: [36mMigrating: 20261004_210000_schedule_minutes[39m
[05:58:02] [32mINFO[39m: [36mMigrated:  20261004_210000_schedule_minutes (1ms)[39m
[05:58:02] [32mINFO[39m: [36mMigrating: 20261004_230000_portal_features[39m
[05:58:02] [32mINFO[39m: [36mMigrated:  20261004_230000_portal_features (1ms)[39m
[05:58:02] [32mINFO[39m: [36mMigrating: 20261005_010000_admin_ops[39m
[05:58:02] [32mINFO[39m: [36mMigrated:  20261005_010000_admin_ops (34ms)[39m
[05:58:02] [32mINFO[39m: [36mMigrating: 20261005_020000_trash[39m
[05:58:02] [32mINFO[39m: [36mMigrated:  20261005_020000_trash (16ms)[39m
Harvest: 172 verses and hadith across 31 talks. No quotation found in 5: Gratitude is the Greatest Blessing | Gems from Ibn Ata Illah Ep. 1 | Shaykh Mikaeel Ahmed Smith; How to Manage Your Anger - Amjad Tarsin; Moments of Solitude: Closeness to God | Jummah Khutbah | Imam Khalid Latif | 3.11.2022; On Mosques, Companionship, & Knowledge; Quranic Connection #26: A Cure for Anxiety | Shaykh Suleiman Hani.
Harvest sample: 4 lines kept for Maryam.
Feedback demo: sample answers are on the East London and Leeds desks.
Seeded HEARTS. Master: master@hearts.test / hearts-master
Access codes (also on the master desk, and in data/seed-codes-test.json):
  elm-teacher    ELM-Y978-PDN7
  elm-admin      ELM-BKN4-DGPD
  elm-learner    ELM-YN7M-TJGU
  elm-parent     ELM-UV7V-KM7C
  leeds-teacher  LEEDS-RWG4-RNQ3
  leeds-learner  LEEDS-8WHP-VEHA

Running 1 test using 1 worker

(node:62029) Warning: The 'NO_COLOR' env is ignored due to the 'FORCE_COLOR' env being set.
(Use `node --trace-warnings ...` to show where the warning was created)


(node:62029) Warning: The 'NO_COLOR' env is ignored due to the 'FORCE_COLOR' env being set.
(Use `node --trace-warnings ...` to show where the warning was created)


[1/1] tests/e2e/library-teach.spec.ts:25:1 › library packs are summaries, and the course picker is the door tree
  1 passed (45.7s)
EXIT:0 library-teach.spec.ts try 1
===== library-teach.spec.ts :: library packs are summaries :: try 2 =====
Wiped the Postgres database (dropped the public schema).
[05:58:47] [33mWARN[39m: [36mNo email adapter provided. Email will be written to console. More info at https://payloadcms.com/docs/email/overview.[39m
[05:58:47] [32mINFO[39m: [36mReading migration files from /workspace/hearts-prototype/src/migrations[39m
[05:58:48] [32mINFO[39m: [36mMigrating: 20261003_103330_initial[39m
[05:58:49] [32mINFO[39m: [36mMigrated:  20261003_103330_initial (1071ms)[39m
[05:58:49] [32mINFO[39m: [36mMigrating: 20261003_124500_integration_part1[39m
[05:58:49] [32mINFO[39m: [36mMigrated:  20261003_124500_integration_part1 (192ms)[39m
[05:58:49] [32mINFO[39m: [36mMigrating: 20261003_131651_integration_part2[39m
[05:58:49] [32mINFO[39m: [36mMigrated:  20261003_131651_integration_part2 (27ms)[39m
[05:58:49] [32mINFO[39m: [36mMigrating: 20261003_140611_harvest[39m
[05:58:49] [32mINFO[39m: [36mMigrated:  20261003_140611_harvest (8ms)[39m
[05:58:49] [32mINFO[39m: [36mMigrating: 20261003_180616_jibril_doors[39m
[05:58:49] [32mINFO[39m: [36mMigrated:  20261003_180616_jibril_doors (11ms)[39m
[05:58:49] [32mINFO[39m: [36mMigrating: 20261003_194500_line_tidy[39m
[05:58:49] [32mINFO[39m: [36mMigrated:  20261003_194500_line_tidy (1ms)[39m
[05:58:49] [32mINFO[39m: [36mMigrating: 20261003_200853_integration_final[39m
[05:58:49] [32mINFO[39m: [36mMigrated:  20261003_200853_integration_final (32ms)[39m
[05:58:49] [32mINFO[39m: [36mMigrating: 20261003_220000_feedback[39m
[05:58:49] [32mINFO[39m: [36mMigrated:  20261003_220000_feedback (36ms)[39m
[05:58:49] [32mINFO[39m: [36mMigrating: 20261004_031500_gather[39m
[05:58:49] [32mINFO[39m: [36mMigrated:  20261004_031500_gather (86ms)[39m
[05:58:49] [32mINFO[39m: [36mMigrating: 20261004_060000_shorts[39m
[05:58:49] [32mINFO[39m: [36mMigrated:  20261004_060000_shorts (1ms)[39m
[05:58:49] [32mINFO[39m: [36mMigrating: 20261004_061000_portal_time_zone[39m
[05:58:49] [32mINFO[39m: [36mMigrated:  20261004_061000_portal_time_zone (1ms)[39m
[05:58:49] [32mINFO[39m: [36mMigrating: 20261004_080000_lesson_picture_flags[39m
[05:58:49] [32mINFO[39m: [36mMigrated:  20261004_080000_lesson_picture_flags (1ms)[39m
[05:58:49] [32mINFO[39m: [36mMigrating: 20261004_120000_compass_v2[39m
[05:58:49] [32mINFO[39m: [36mMigrated:  20261004_120000_compass_v2 (44ms)[39m
[05:58:49] [32mINFO[39m: [36mMigrating: 20261004_180000_gather_entry_code[39m
[05:58:49] [32mINFO[39m: [36mMigrated:  20261004_180000_gather_entry_code (1ms)[39m
[05:58:49] [32mINFO[39m: [36mMigrating: 20261004_210000_schedule_minutes[39m
[05:58:49] [32mINFO[39m: [36mMigrated:  20261004_210000_schedule_minutes (1ms)[39m
[05:58:49] [32mINFO[39m: [36mMigrating: 20261004_230000_portal_features[39m
[05:58:49] [32mINFO[39m: [36mMigrated:  20261004_230000_portal_features (0ms)[39m
[05:58:49] [32mINFO[39m: [36mMigrating: 20261005_010000_admin_ops[39m
[05:58:49] [32mINFO[39m: [36mMigrated:  20261005_010000_admin_ops (32ms)[39m
[05:58:49] [32mINFO[39m: [36mMigrating: 20261005_020000_trash[39m
[05:58:49] [32mINFO[39m: [36mMigrated:  20261005_020000_trash (21ms)[39m
Harvest: 172 verses and hadith across 31 talks. No quotation found in 5: Gratitude is the Greatest Blessing | Gems from Ibn Ata Illah Ep. 1 | Shaykh Mikaeel Ahmed Smith; How to Manage Your Anger - Amjad Tarsin; Moments of Solitude: Closeness to God | Jummah Khutbah | Imam Khalid Latif | 3.11.2022; On Mosques, Companionship, & Knowledge; Quranic Connection #26: A Cure for Anxiety | Shaykh Suleiman Hani.
Harvest sample: 4 lines kept for Maryam.
Feedback demo: sample answers are on the East London and Leeds desks.
Seeded HEARTS. Master: master@hearts.test / hearts-master
Access codes (also on the master desk, and in data/seed-codes-test.json):
  elm-teacher    ELM-B69B-T46U
  elm-admin      ELM-9CDC-64TF
  elm-learner    ELM-RYC7-9CAX
  elm-parent     ELM-X7RU-WG8U
  leeds-teacher  LEEDS-CJUX-6TNN
  leeds-learner  LEEDS-F6AN-FBJF

Running 1 test using 1 worker

(node:62342) Warning: The 'NO_COLOR' env is ignored due to the 'FORCE_COLOR' env being set.
(Use `node --trace-warnings ...` to show where the warning was created)


(node:62342) Warning: The 'NO_COLOR' env is ignored due to the 'FORCE_COLOR' env being set.
(Use `node --trace-warnings ...` to show where the warning was created)


[1/1] tests/e2e/library-teach.spec.ts:25:1 › library packs are summaries, and the course picker is the door tree
  1 passed (45.2s)
EXIT:0 library-teach.spec.ts try 2
===== master-sheet.spec.ts :: template downloads as xlsx :: try 1 =====
Wiped the Postgres database (dropped the public schema).
[05:59:33] [33mWARN[39m: [36mNo email adapter provided. Email will be written to console. More info at https://payloadcms.com/docs/email/overview.[39m
[05:59:33] [32mINFO[39m: [36mReading migration files from /workspace/hearts-prototype/src/migrations[39m
[05:59:33] [32mINFO[39m: [36mMigrating: 20261003_103330_initial[39m
[05:59:34] [32mINFO[39m: [36mMigrated:  20261003_103330_initial (926ms)[39m
[05:59:34] [32mINFO[39m: [36mMigrating: 20261003_124500_integration_part1[39m
[05:59:34] [32mINFO[39m: [36mMigrated:  20261003_124500_integration_part1 (134ms)[39m
[05:59:34] [32mINFO[39m: [36mMigrating: 20261003_131651_integration_part2[39m
[05:59:34] [32mINFO[39m: [36mMigrated:  20261003_131651_integration_part2 (32ms)[39m
[05:59:34] [32mINFO[39m: [36mMigrating: 20261003_140611_harvest[39m
[05:59:34] [32mINFO[39m: [36mMigrated:  20261003_140611_harvest (13ms)[39m
[05:59:34] [32mINFO[39m: [36mMigrating: 20261003_180616_jibril_doors[39m
[05:59:34] [32mINFO[39m: [36mMigrated:  20261003_180616_jibril_doors (10ms)[39m
[05:59:34] [32mINFO[39m: [36mMigrating: 20261003_194500_line_tidy[39m
[05:59:34] [32mINFO[39m: [36mMigrated:  20261003_194500_line_tidy (1ms)[39m
[05:59:34] [32mINFO[39m: [36mMigrating: 20261003_200853_integration_final[39m
[05:59:34] [32mINFO[39m: [36mMigrated:  20261003_200853_integration_final (40ms)[39m
[05:59:34] [32mINFO[39m: [36mMigrating: 20261003_220000_feedback[39m
[05:59:34] [32mINFO[39m: [36mMigrated:  20261003_220000_feedback (47ms)[39m
[05:59:34] [32mINFO[39m: [36mMigrating: 20261004_031500_gather[39m
[05:59:34] [32mINFO[39m: [36mMigrated:  20261004_031500_gather (70ms)[39m
[05:59:34] [32mINFO[39m: [36mMigrating: 20261004_060000_shorts[39m
[05:59:34] [32mINFO[39m: [36mMigrated:  20261004_060000_shorts (3ms)[39m
[05:59:34] [32mINFO[39m: [36mMigrating: 20261004_061000_portal_time_zone[39m
[05:59:34] [32mINFO[39m: [36mMigrated:  20261004_061000_portal_time_zone (1ms)[39m
[05:59:34] [32mINFO[39m: [36mMigrating: 20261004_080000_lesson_picture_flags[39m
[05:59:34] [32mINFO[39m: [36mMigrated:  20261004_080000_lesson_picture_flags (1ms)[39m
[05:59:34] [32mINFO[39m: [36mMigrating: 20261004_120000_compass_v2[39m
[05:59:34] [32mINFO[39m: [36mMigrated:  20261004_120000_compass_v2 (20ms)[39m
[05:59:34] [32mINFO[39m: [36mMigrating: 20261004_180000_gather_entry_code[39m
[05:59:34] [32mINFO[39m: [36mMigrated:  20261004_180000_gather_entry_code (1ms)[39m
[05:59:34] [32mINFO[39m: [36mMigrating: 20261004_210000_schedule_minutes[39m
[05:59:34] [32mINFO[39m: [36mMigrated:  20261004_210000_schedule_minutes (1ms)[39m
[05:59:34] [32mINFO[39m: [36mMigrating: 20261004_230000_portal_features[39m
[05:59:34] [32mINFO[39m: [36mMigrated:  20261004_230000_portal_features (1ms)[39m
[05:59:34] [32mINFO[39m: [36mMigrating: 20261005_010000_admin_ops[39m
[05:59:35] [32mINFO[39m: [36mMigrated:  20261005_010000_admin_ops (22ms)[39m
[05:59:35] [32mINFO[39m: [36mMigrating: 20261005_020000_trash[39m
[05:59:35] [32mINFO[39m: [36mMigrated:  20261005_020000_trash (23ms)[39m
Harvest: 172 verses and hadith across 31 talks. No quotation found in 5: Gratitude is the Greatest Blessing | Gems from Ibn Ata Illah Ep. 1 | Shaykh Mikaeel Ahmed Smith; How to Manage Your Anger - Amjad Tarsin; Moments of Solitude: Closeness to God | Jummah Khutbah | Imam Khalid Latif | 3.11.2022; On Mosques, Companionship, & Knowledge; Quranic Connection #26: A Cure for Anxiety | Shaykh Suleiman Hani.
Harvest sample: 4 lines kept for Maryam.
Feedback demo: sample answers are on the East London and Leeds desks.
Seeded HEARTS. Master: master@hearts.test / hearts-master
Access codes (also on the master desk, and in data/seed-codes-test.json):
  elm-teacher    ELM-6E6F-VHJQ
  elm-admin      ELM-G38Q-9AWV
  elm-learner    ELM-VTYQ-PKH8
  elm-parent     ELM-P4R8-PURU
  leeds-teacher  LEEDS-4CHT-EJ6X
  leeds-learner  LEEDS-6B9Y-Q9EW

Running 1 test using 1 worker

(node:62662) Warning: The 'NO_COLOR' env is ignored due to the 'FORCE_COLOR' env being set.
(Use `node --trace-warnings ...` to show where the warning was created)


(node:62662) Warning: The 'NO_COLOR' env is ignored due to the 'FORCE_COLOR' env being set.
(Use `node --trace-warnings ...` to show where the warning was created)


[1/1] tests/e2e/master-sheet.spec.ts:59:1 › template downloads as xlsx and the seeded library round-trips with no changes
  1 passed (35.4s)
EXIT:0 master-sheet.spec.ts try 1
===== master-sheet.spec.ts :: template downloads as xlsx :: try 2 =====
Wiped the Postgres database (dropped the public schema).
[06:00:09] [33mWARN[39m: [36mNo email adapter provided. Email will be written to console. More info at https://payloadcms.com/docs/email/overview.[39m
[06:00:09] [32mINFO[39m: [36mReading migration files from /workspace/hearts-prototype/src/migrations[39m
[06:00:09] [32mINFO[39m: [36mMigrating: 20261003_103330_initial[39m
[06:00:10] [32mINFO[39m: [36mMigrated:  20261003_103330_initial (794ms)[39m
[06:00:10] [32mINFO[39m: [36mMigrating: 20261003_124500_integration_part1[39m
[06:00:10] [32mINFO[39m: [36mMigrated:  20261003_124500_integration_part1 (129ms)[39m
[06:00:10] [32mINFO[39m: [36mMigrating: 20261003_131651_integration_part2[39m
[06:00:10] [32mINFO[39m: [36mMigrated:  20261003_131651_integration_part2 (33ms)[39m
[06:00:10] [32mINFO[39m: [36mMigrating: 20261003_140611_harvest[39m
[06:00:10] [32mINFO[39m: [36mMigrated:  20261003_140611_harvest (16ms)[39m
[06:00:10] [32mINFO[39m: [36mMigrating: 20261003_180616_jibril_doors[39m
[06:00:10] [32mINFO[39m: [36mMigrated:  20261003_180616_jibril_doors (13ms)[39m
[06:00:10] [32mINFO[39m: [36mMigrating: 20261003_194500_line_tidy[39m
[06:00:10] [32mINFO[39m: [36mMigrated:  20261003_194500_line_tidy (0ms)[39m
[06:00:10] [32mINFO[39m: [36mMigrating: 20261003_200853_integration_final[39m
[06:00:10] [32mINFO[39m: [36mMigrated:  20261003_200853_integration_final (39ms)[39m
[06:00:10] [32mINFO[39m: [36mMigrating: 20261003_220000_feedback[39m
[06:00:10] [32mINFO[39m: [36mMigrated:  20261003_220000_feedback (19ms)[39m
[06:00:10] [32mINFO[39m: [36mMigrating: 20261004_031500_gather[39m
[06:00:10] [32mINFO[39m: [36mMigrated:  20261004_031500_gather (71ms)[39m
[06:00:10] [32mINFO[39m: [36mMigrating: 20261004_060000_shorts[39m
[06:00:10] [32mINFO[39m: [36mMigrated:  20261004_060000_shorts (2ms)[39m
[06:00:10] [32mINFO[39m: [36mMigrating: 20261004_061000_portal_time_zone[39m
[06:00:10] [32mINFO[39m: [36mMigrated:  20261004_061000_portal_time_zone (1ms)[39m
[06:00:10] [32mINFO[39m: [36mMigrating: 20261004_080000_lesson_picture_flags[39m
[06:00:10] [32mINFO[39m: [36mMigrated:  20261004_080000_lesson_picture_flags (1ms)[39m
[06:00:10] [32mINFO[39m: [36mMigrating: 20261004_120000_compass_v2[39m
[06:00:10] [32mINFO[39m: [36mMigrated:  20261004_120000_compass_v2 (49ms)[39m
[06:00:10] [32mINFO[39m: [36mMigrating: 20261004_180000_gather_entry_code[39m
[06:00:10] [32mINFO[39m: [36mMigrated:  20261004_180000_gather_entry_code (1ms)[39m
[06:00:10] [32mINFO[39m: [36mMigrating: 20261004_210000_schedule_minutes[39m
[06:00:10] [32mINFO[39m: [36mMigrated:  20261004_210000_schedule_minutes (1ms)[39m
[06:00:10] [32mINFO[39m: [36mMigrating: 20261004_230000_portal_features[39m
[06:00:10] [32mINFO[39m: [36mMigrated:  20261004_230000_portal_features (1ms)[39m
[06:00:10] [32mINFO[39m: [36mMigrating: 20261005_010000_admin_ops[39m
[06:00:10] [32mINFO[39m: [36mMigrated:  20261005_010000_admin_ops (25ms)[39m
[06:00:10] [32mINFO[39m: [36mMigrating: 20261005_020000_trash[39m
[06:00:10] [32mINFO[39m: [36mMigrated:  20261005_020000_trash (14ms)[39m
Harvest: 172 verses and hadith across 31 talks. No quotation found in 5: Gratitude is the Greatest Blessing | Gems from Ibn Ata Illah Ep. 1 | Shaykh Mikaeel Ahmed Smith; How to Manage Your Anger - Amjad Tarsin; Moments of Solitude: Closeness to God | Jummah Khutbah | Imam Khalid Latif | 3.11.2022; On Mosques, Companionship, & Knowledge; Quranic Connection #26: A Cure for Anxiety | Shaykh Suleiman Hani.
Harvest sample: 4 lines kept for Maryam.
Feedback demo: sample answers are on the East London and Leeds desks.
Seeded HEARTS. Master: master@hearts.test / hearts-master
Access codes (also on the master desk, and in data/seed-codes-test.json):
  elm-teacher    ELM-C8F7-V7RD
  elm-admin      ELM-7U8A-D6UM
  elm-learner    ELM-XH8G-FEHJ
  elm-parent     ELM-UMTF-MQDT
  leeds-teacher  LEEDS-QK37-DPAK
  leeds-learner  LEEDS-K994-EJQN

Running 1 test using 1 worker

(node:62872) Warning: The 'NO_COLOR' env is ignored due to the 'FORCE_COLOR' env being set.
(Use `node --trace-warnings ...` to show where the warning was created)


(node:62872) Warning: The 'NO_COLOR' env is ignored due to the 'FORCE_COLOR' env being set.
(Use `node --trace-warnings ...` to show where the warning was created)


[1/1] tests/e2e/master-sheet.spec.ts:59:1 › template downloads as xlsx and the seeded library round-trips with no changes
  1 passed (35.9s)
EXIT:0 master-sheet.spec.ts try 2
===== nesting-progress.spec.ts :: at phone size, short clips stay off the grow page :: try 1 =====
Wiped the Postgres database (dropped the public schema).
[06:00:47] [33mWARN[39m: [36mNo email adapter provided. Email will be written to console. More info at https://payloadcms.com/docs/email/overview.[39m
[06:00:47] [32mINFO[39m: [36mReading migration files from /workspace/hearts-prototype/src/migrations[39m
[06:00:47] [32mINFO[39m: [36mMigrating: 20261003_103330_initial[39m
[06:00:48] [32mINFO[39m: [36mMigrated:  20261003_103330_initial (948ms)[39m
[06:00:48] [32mINFO[39m: [36mMigrating: 20261003_124500_integration_part1[39m
[06:00:48] [32mINFO[39m: [36mMigrated:  20261003_124500_integration_part1 (140ms)[39m
[06:00:48] [32mINFO[39m: [36mMigrating: 20261003_131651_integration_part2[39m
[06:00:48] [32mINFO[39m: [36mMigrated:  20261003_131651_integration_part2 (26ms)[39m
[06:00:48] [32mINFO[39m: [36mMigrating: 20261003_140611_harvest[39m
[06:00:48] [32mINFO[39m: [36mMigrated:  20261003_140611_harvest (10ms)[39m
[06:00:48] [32mINFO[39m: [36mMigrating: 20261003_180616_jibril_doors[39m
[06:00:48] [32mINFO[39m: [36mMigrated:  20261003_180616_jibril_doors (14ms)[39m
[06:00:48] [32mINFO[39m: [36mMigrating: 20261003_194500_line_tidy[39m
[06:00:48] [32mINFO[39m: [36mMigrated:  20261003_194500_line_tidy (1ms)[39m
[06:00:48] [32mINFO[39m: [36mMigrating: 20261003_200853_integration_final[39m
[06:00:48] [32mINFO[39m: [36mMigrated:  20261003_200853_integration_final (33ms)[39m
[06:00:48] [32mINFO[39m: [36mMigrating: 20261003_220000_feedback[39m
[06:00:48] [32mINFO[39m: [36mMigrated:  20261003_220000_feedback (31ms)[39m
[06:00:48] [32mINFO[39m: [36mMigrating: 20261004_031500_gather[39m
[06:00:49] [32mINFO[39m: [36mMigrated:  20261004_031500_gather (68ms)[39m
[06:00:49] [32mINFO[39m: [36mMigrating: 20261004_060000_shorts[39m
[06:00:49] [32mINFO[39m: [36mMigrated:  20261004_060000_shorts (2ms)[39m
[06:00:49] [32mINFO[39m: [36mMigrating: 20261004_061000_portal_time_zone[39m
[06:00:49] [32mINFO[39m: [36mMigrated:  20261004_061000_portal_time_zone (1ms)[39m
[06:00:49] [32mINFO[39m: [36mMigrating: 20261004_080000_lesson_picture_flags[39m
[06:00:49] [32mINFO[39m: [36mMigrated:  20261004_080000_lesson_picture_flags (1ms)[39m
[06:00:49] [32mINFO[39m: [36mMigrating: 20261004_120000_compass_v2[39m
[06:00:49] [32mINFO[39m: [36mMigrated:  20261004_120000_compass_v2 (21ms)[39m
[06:00:49] [32mINFO[39m: [36mMigrating: 20261004_180000_gather_entry_code[39m
[06:00:49] [32mINFO[39m: [36mMigrated:  20261004_180000_gather_entry_code (1ms)[39m
[06:00:49] [32mINFO[39m: [36mMigrating: 20261004_210000_schedule_minutes[39m
[06:00:49] [32mINFO[39m: [36mMigrated:  20261004_210000_schedule_minutes (1ms)[39m
[06:00:49] [32mINFO[39m: [36mMigrating: 20261004_230000_portal_features[39m
[06:00:49] [32mINFO[39m: [36mMigrated:  20261004_230000_portal_features (1ms)[39m
[06:00:49] [32mINFO[39m: [36mMigrating: 20261005_010000_admin_ops[39m
[06:00:49] [32mINFO[39m: [36mMigrated:  20261005_010000_admin_ops (38ms)[39m
[06:00:49] [32mINFO[39m: [36mMigrating: 20261005_020000_trash[39m
[06:00:49] [32mINFO[39m: [36mMigrated:  20261005_020000_trash (19ms)[39m
Harvest: 172 verses and hadith across 31 talks. No quotation found in 5: Gratitude is the Greatest Blessing | Gems from Ibn Ata Illah Ep. 1 | Shaykh Mikaeel Ahmed Smith; How to Manage Your Anger - Amjad Tarsin; Moments of Solitude: Closeness to God | Jummah Khutbah | Imam Khalid Latif | 3.11.2022; On Mosques, Companionship, & Knowledge; Quranic Connection #26: A Cure for Anxiety | Shaykh Suleiman Hani.
Harvest sample: 4 lines kept for Maryam.
Feedback demo: sample answers are on the East London and Leeds desks.
Seeded HEARTS. Master: master@hearts.test / hearts-master
Access codes (also on the master desk, and in data/seed-codes-test.json):
  elm-teacher    ELM-V3T9-FTUQ
  elm-admin      ELM-K33F-73QX
  elm-learner    ELM-69T9-T4GA
  elm-parent     ELM-J8X4-YE7G
  leeds-teacher  LEEDS-C7KJ-A4T3
  leeds-learner  LEEDS-9YWQ-4FPA

Running 1 test using 1 worker

(node:63081) Warning: The 'NO_COLOR' env is ignored due to the 'FORCE_COLOR' env being set.
(Use `node --trace-warnings ...` to show where the warning was created)


(node:63081) Warning: The 'NO_COLOR' env is ignored due to the 'FORCE_COLOR' env being set.
(Use `node --trace-warnings ...` to show where the warning was created)


[1/1] tests/e2e/nesting-progress.spec.ts:22:1 › at phone size, short clips stay off the grow page and a full talk in a course moves it
  1 passed (50.2s)
EXIT:0 nesting-progress.spec.ts try 1
===== nesting-progress.spec.ts :: at phone size, short clips stay off the grow page :: try 2 =====
Wiped the Postgres database (dropped the public schema).
[06:01:37] [33mWARN[39m: [36mNo email adapter provided. Email will be written to console. More info at https://payloadcms.com/docs/email/overview.[39m
[06:01:37] [32mINFO[39m: [36mReading migration files from /workspace/hearts-prototype/src/migrations[39m
[06:01:37] [32mINFO[39m: [36mMigrating: 20261003_103330_initial[39m
[06:01:38] [32mINFO[39m: [36mMigrated:  20261003_103330_initial (913ms)[39m
[06:01:38] [32mINFO[39m: [36mMigrating: 20261003_124500_integration_part1[39m
[06:01:38] [32mINFO[39m: [36mMigrated:  20261003_124500_integration_part1 (207ms)[39m
[06:01:38] [32mINFO[39m: [36mMigrating: 20261003_131651_integration_part2[39m
[06:01:38] [32mINFO[39m: [36mMigrated:  20261003_131651_integration_part2 (46ms)[39m
[06:01:38] [32mINFO[39m: [36mMigrating: 20261003_140611_harvest[39m
[06:01:38] [32mINFO[39m: [36mMigrated:  20261003_140611_harvest (16ms)[39m
[06:01:38] [32mINFO[39m: [36mMigrating: 20261003_180616_jibril_doors[39m
[06:01:38] [32mINFO[39m: [36mMigrated:  20261003_180616_jibril_doors (12ms)[39m
[06:01:38] [32mINFO[39m: [36mMigrating: 20261003_194500_line_tidy[39m
[06:01:38] [32mINFO[39m: [36mMigrated:  20261003_194500_line_tidy (1ms)[39m
[06:01:38] [32mINFO[39m: [36mMigrating: 20261003_200853_integration_final[39m
[06:01:38] [32mINFO[39m: [36mMigrated:  20261003_200853_integration_final (52ms)[39m
[06:01:38] [32mINFO[39m: [36mMigrating: 20261003_220000_feedback[39m
[06:01:38] [32mINFO[39m: [36mMigrated:  20261003_220000_feedback (33ms)[39m
[06:01:38] [32mINFO[39m: [36mMigrating: 20261004_031500_gather[39m
[06:01:39] [32mINFO[39m: [36mMigrated:  20261004_031500_gather (66ms)[39m
[06:01:39] [32mINFO[39m: [36mMigrating: 20261004_060000_shorts[39m
[06:01:39] [32mINFO[39m: [36mMigrated:  20261004_060000_shorts (2ms)[39m
[06:01:39] [32mINFO[39m: [36mMigrating: 20261004_061000_portal_time_zone[39m
[06:01:39] [32mINFO[39m: [36mMigrated:  20261004_061000_portal_time_zone (1ms)[39m
[06:01:39] [32mINFO[39m: [36mMigrating: 20261004_080000_lesson_picture_flags[39m
[06:01:39] [32mINFO[39m: [36mMigrated:  20261004_080000_lesson_picture_flags (1ms)[39m
[06:01:39] [32mINFO[39m: [36mMigrating: 20261004_120000_compass_v2[39m
[06:01:39] [32mINFO[39m: [36mMigrated:  20261004_120000_compass_v2 (20ms)[39m
[06:01:39] [32mINFO[39m: [36mMigrating: 20261004_180000_gather_entry_code[39m
[06:01:39] [32mINFO[39m: [36mMigrated:  20261004_180000_gather_entry_code (1ms)[39m
[06:01:39] [32mINFO[39m: [36mMigrating: 20261004_210000_schedule_minutes[39m
[06:01:39] [32mINFO[39m: [36mMigrated:  20261004_210000_schedule_minutes (1ms)[39m
[06:01:39] [32mINFO[39m: [36mMigrating: 20261004_230000_portal_features[39m
[06:01:39] [32mINFO[39m: [36mMigrated:  20261004_230000_portal_features (1ms)[39m
[06:01:39] [32mINFO[39m: [36mMigrating: 20261005_010000_admin_ops[39m
[06:01:39] [32mINFO[39m: [36mMigrated:  20261005_010000_admin_ops (21ms)[39m
[06:01:39] [32mINFO[39m: [36mMigrating: 20261005_020000_trash[39m
[06:01:39] [32mINFO[39m: [36mMigrated:  20261005_020000_trash (9ms)[39m
Harvest: 172 verses and hadith across 31 talks. No quotation found in 5: Gratitude is the Greatest Blessing | Gems from Ibn Ata Illah Ep. 1 | Shaykh Mikaeel Ahmed Smith; How to Manage Your Anger - Amjad Tarsin; Moments of Solitude: Closeness to God | Jummah Khutbah | Imam Khalid Latif | 3.11.2022; On Mosques, Companionship, & Knowledge; Quranic Connection #26: A Cure for Anxiety | Shaykh Suleiman Hani.
Harvest sample: 4 lines kept for Maryam.
Feedback demo: sample answers are on the East London and Leeds desks.
Seeded HEARTS. Master: master@hearts.test / hearts-master
Access codes (also on the master desk, and in data/seed-codes-test.json):
  elm-teacher    ELM-BYWY-C3XJ
  elm-admin      ELM-3A4Y-XPGC
  elm-learner    ELM-7NRA-GCEC
  elm-parent     ELM-YNE4-6YND
  leeds-teacher  LEEDS-HM89-TMFP
  leeds-learner  LEEDS-A6JM-TPGN

Running 1 test using 1 worker

(node:63391) Warning: The 'NO_COLOR' env is ignored due to the 'FORCE_COLOR' env being set.
(Use `node --trace-warnings ...` to show where the warning was created)


(node:63391) Warning: The 'NO_COLOR' env is ignored due to the 'FORCE_COLOR' env being set.
(Use `node --trace-warnings ...` to show where the warning was created)


[1/1] tests/e2e/nesting-progress.spec.ts:22:1 › at phone size, short clips stay off the grow page and a full talk in a course moves it
  1 passed (47.6s)
EXIT:0 nesting-progress.spec.ts try 2
===== nesting.spec.ts :: every seeded hors d'oeuvre sits inside its appetiser :: try 1 =====
Wiped the Postgres database (dropped the public schema).
[06:02:25] [33mWARN[39m: [36mNo email adapter provided. Email will be written to console. More info at https://payloadcms.com/docs/email/overview.[39m
[06:02:25] [32mINFO[39m: [36mReading migration files from /workspace/hearts-prototype/src/migrations[39m
[06:02:25] [32mINFO[39m: [36mMigrating: 20261003_103330_initial[39m
[06:02:26] [32mINFO[39m: [36mMigrated:  20261003_103330_initial (711ms)[39m
[06:02:26] [32mINFO[39m: [36mMigrating: 20261003_124500_integration_part1[39m
[06:02:26] [32mINFO[39m: [36mMigrated:  20261003_124500_integration_part1 (123ms)[39m
[06:02:26] [32mINFO[39m: [36mMigrating: 20261003_131651_integration_part2[39m
[06:02:26] [32mINFO[39m: [36mMigrated:  20261003_131651_integration_part2 (22ms)[39m
[06:02:26] [32mINFO[39m: [36mMigrating: 20261003_140611_harvest[39m
[06:02:26] [32mINFO[39m: [36mMigrated:  20261003_140611_harvest (11ms)[39m
[06:02:26] [32mINFO[39m: [36mMigrating: 20261003_180616_jibril_doors[39m
[06:02:26] [32mINFO[39m: [36mMigrated:  20261003_180616_jibril_doors (7ms)[39m
[06:02:26] [32mINFO[39m: [36mMigrating: 20261003_194500_line_tidy[39m
[06:02:26] [32mINFO[39m: [36mMigrated:  20261003_194500_line_tidy (3ms)[39m
[06:02:26] [32mINFO[39m: [36mMigrating: 20261003_200853_integration_final[39m
[06:02:26] [32mINFO[39m: [36mMigrated:  20261003_200853_integration_final (24ms)[39m
[06:02:26] [32mINFO[39m: [36mMigrating: 20261003_220000_feedback[39m
[06:02:26] [32mINFO[39m: [36mMigrated:  20261003_220000_feedback (49ms)[39m
[06:02:26] [32mINFO[39m: [36mMigrating: 20261004_031500_gather[39m
[06:02:26] [32mINFO[39m: [36mMigrated:  20261004_031500_gather (110ms)[39m
[06:02:26] [32mINFO[39m: [36mMigrating: 20261004_060000_shorts[39m
[06:02:26] [32mINFO[39m: [36mMigrated:  20261004_060000_shorts (3ms)[39m
[06:02:26] [32mINFO[39m: [36mMigrating: 20261004_061000_portal_time_zone[39m
[06:02:26] [32mINFO[39m: [36mMigrated:  20261004_061000_portal_time_zone (1ms)[39m
[06:02:26] [32mINFO[39m: [36mMigrating: 20261004_080000_lesson_picture_flags[39m
[06:02:26] [32mINFO[39m: [36mMigrated:  20261004_080000_lesson_picture_flags (2ms)[39m
[06:02:26] [32mINFO[39m: [36mMigrating: 20261004_120000_compass_v2[39m
[06:02:26] [32mINFO[39m: [36mMigrated:  20261004_120000_compass_v2 (56ms)[39m
[06:02:26] [32mINFO[39m: [36mMigrating: 20261004_180000_gather_entry_code[39m
[06:02:26] [32mINFO[39m: [36mMigrated:  20261004_180000_gather_entry_code (1ms)[39m
[06:02:26] [32mINFO[39m: [36mMigrating: 20261004_210000_schedule_minutes[39m
[06:02:26] [32mINFO[39m: [36mMigrated:  20261004_210000_schedule_minutes (0ms)[39m
[06:02:26] [32mINFO[39m: [36mMigrating: 20261004_230000_portal_features[39m
[06:02:26] [32mINFO[39m: [36mMigrated:  20261004_230000_portal_features (1ms)[39m
[06:02:26] [32mINFO[39m: [36mMigrating: 20261005_010000_admin_ops[39m
[06:02:26] [32mINFO[39m: [36mMigrated:  20261005_010000_admin_ops (32ms)[39m
[06:02:26] [32mINFO[39m: [36mMigrating: 20261005_020000_trash[39m
[06:02:26] [32mINFO[39m: [36mMigrated:  20261005_020000_trash (17ms)[39m
Harvest: 172 verses and hadith across 31 talks. No quotation found in 5: Gratitude is the Greatest Blessing | Gems from Ibn Ata Illah Ep. 1 | Shaykh Mikaeel Ahmed Smith; How to Manage Your Anger - Amjad Tarsin; Moments of Solitude: Closeness to God | Jummah Khutbah | Imam Khalid Latif | 3.11.2022; On Mosques, Companionship, & Knowledge; Quranic Connection #26: A Cure for Anxiety | Shaykh Suleiman Hani.
Harvest sample: 4 lines kept for Maryam.
Feedback demo: sample answers are on the East London and Leeds desks.
Seeded HEARTS. Master: master@hearts.test / hearts-master
Access codes (also on the master desk, and in data/seed-codes-test.json):
  elm-teacher    ELM-HFQK-VCR9
  elm-admin      ELM-YPH4-XT4V
  elm-learner    ELM-XQ93-MV8A
  elm-parent     ELM-UPFN-8YR8
  leeds-teacher  LEEDS-C9PB-KN4J
  leeds-learner  LEEDS-WM63-9HBD

Running 1 test using 1 worker

(node:63703) Warning: The 'NO_COLOR' env is ignored due to the 'FORCE_COLOR' env being set.
(Use `node --trace-warnings ...` to show where the warning was created)


(node:63703) Warning: The 'NO_COLOR' env is ignored due to the 'FORCE_COLOR' env being set.
(Use `node --trace-warnings ...` to show where the warning was created)


[1/1] tests/e2e/nesting.spec.ts:70:1 › every seeded hors d'oeuvre sits inside its appetiser, and every appetiser inside its full talk
  1 passed (35.3s)
EXIT:0 nesting.spec.ts try 1
===== nesting.spec.ts :: every seeded hors d'oeuvre sits inside its appetiser :: try 2 =====
Wiped the Postgres database (dropped the public schema).
[06:03:01] [33mWARN[39m: [36mNo email adapter provided. Email will be written to console. More info at https://payloadcms.com/docs/email/overview.[39m
[06:03:01] [32mINFO[39m: [36mReading migration files from /workspace/hearts-prototype/src/migrations[39m
[06:03:01] [32mINFO[39m: [36mMigrating: 20261003_103330_initial[39m
[06:03:02] [32mINFO[39m: [36mMigrated:  20261003_103330_initial (911ms)[39m
[06:03:02] [32mINFO[39m: [36mMigrating: 20261003_124500_integration_part1[39m
[06:03:02] [32mINFO[39m: [36mMigrated:  20261003_124500_integration_part1 (125ms)[39m
[06:03:02] [32mINFO[39m: [36mMigrating: 20261003_131651_integration_part2[39m
[06:03:02] [32mINFO[39m: [36mMigrated:  20261003_131651_integration_part2 (31ms)[39m
[06:03:02] [32mINFO[39m: [36mMigrating: 20261003_140611_harvest[39m
[06:03:02] [32mINFO[39m: [36mMigrated:  20261003_140611_harvest (9ms)[39m
[06:03:02] [32mINFO[39m: [36mMigrating: 20261003_180616_jibril_doors[39m
[06:03:02] [32mINFO[39m: [36mMigrated:  20261003_180616_jibril_doors (12ms)[39m
[06:03:02] [32mINFO[39m: [36mMigrating: 20261003_194500_line_tidy[39m
[06:03:02] [32mINFO[39m: [36mMigrated:  20261003_194500_line_tidy (2ms)[39m
[06:03:02] [32mINFO[39m: [36mMigrating: 20261003_200853_integration_final[39m
[06:03:02] [32mINFO[39m: [36mMigrated:  20261003_200853_integration_final (31ms)[39m
[06:03:02] [32mINFO[39m: [36mMigrating: 20261003_220000_feedback[39m
[06:03:02] [32mINFO[39m: [36mMigrated:  20261003_220000_feedback (25ms)[39m
[06:03:02] [32mINFO[39m: [36mMigrating: 20261004_031500_gather[39m
[06:03:02] [32mINFO[39m: [36mMigrated:  20261004_031500_gather (55ms)[39m
[06:03:02] [32mINFO[39m: [36mMigrating: 20261004_060000_shorts[39m
[06:03:02] [32mINFO[39m: [36mMigrated:  20261004_060000_shorts (2ms)[39m
[06:03:02] [32mINFO[39m: [36mMigrating: 20261004_061000_portal_time_zone[39m
[06:03:02] [32mINFO[39m: [36mMigrated:  20261004_061000_portal_time_zone (1ms)[39m
[06:03:02] [32mINFO[39m: [36mMigrating: 20261004_080000_lesson_picture_flags[39m
[06:03:02] [32mINFO[39m: [36mMigrated:  20261004_080000_lesson_picture_flags (4ms)[39m
[06:03:02] [32mINFO[39m: [36mMigrating: 20261004_120000_compass_v2[39m
[06:03:02] [32mINFO[39m: [36mMigrated:  20261004_120000_compass_v2 (22ms)[39m
[06:03:02] [32mINFO[39m: [36mMigrating: 20261004_180000_gather_entry_code[39m
[06:03:02] [32mINFO[39m: [36mMigrated:  20261004_180000_gather_entry_code (1ms)[39m
[06:03:02] [32mINFO[39m: [36mMigrating: 20261004_210000_schedule_minutes[39m
[06:03:02] [32mINFO[39m: [36mMigrated:  20261004_210000_schedule_minutes (0ms)[39m
[06:03:02] [32mINFO[39m: [36mMigrating: 20261004_230000_portal_features[39m
[06:03:02] [32mINFO[39m: [36mMigrated:  20261004_230000_portal_features (0ms)[39m
[06:03:02] [32mINFO[39m: [36mMigrating: 20261005_010000_admin_ops[39m
[06:03:02] [32mINFO[39m: [36mMigrated:  20261005_010000_admin_ops (27ms)[39m
[06:03:02] [32mINFO[39m: [36mMigrating: 20261005_020000_trash[39m
[06:03:02] [32mINFO[39m: [36mMigrated:  20261005_020000_trash (13ms)[39m
Harvest: 172 verses and hadith across 31 talks. No quotation found in 5: Gratitude is the Greatest Blessing | Gems from Ibn Ata Illah Ep. 1 | Shaykh Mikaeel Ahmed Smith; How to Manage Your Anger - Amjad Tarsin; Moments of Solitude: Closeness to God | Jummah Khutbah | Imam Khalid Latif | 3.11.2022; On Mosques, Companionship, & Knowledge; Quranic Connection #26: A Cure for Anxiety | Shaykh Suleiman Hani.
Harvest sample: 4 lines kept for Maryam.
Feedback demo: sample answers are on the East London and Leeds desks.
Seeded HEARTS. Master: master@hearts.test / hearts-master
Access codes (also on the master desk, and in data/seed-codes-test.json):
  elm-teacher    ELM-3PHH-UHK3
  elm-admin      ELM-9UFH-99N9
  elm-learner    ELM-8UTE-GWAK
  elm-parent     ELM-4K3G-UQJY
  leeds-teacher  LEEDS-8UNR-P43A
  leeds-learner  LEEDS-X7KM-ECQY

Running 1 test using 1 worker

(node:63906) Warning: The 'NO_COLOR' env is ignored due to the 'FORCE_COLOR' env being set.
(Use `node --trace-warnings ...` to show where the warning was created)


(node:63906) Warning: The 'NO_COLOR' env is ignored due to the 'FORCE_COLOR' env being set.
(Use `node --trace-warnings ...` to show where the warning was created)


[1/1] tests/e2e/nesting.spec.ts:70:1 › every seeded hors d'oeuvre sits inside its appetiser, and every appetiser inside its full talk
  1 passed (34.9s)
EXIT:0 nesting.spec.ts try 2
===== opening.spec.ts :: a first visit to the portal lands on the opener :: try 1 =====
Wiped the Postgres database (dropped the public schema).
[06:03:36] [33mWARN[39m: [36mNo email adapter provided. Email will be written to console. More info at https://payloadcms.com/docs/email/overview.[39m
[06:03:36] [32mINFO[39m: [36mReading migration files from /workspace/hearts-prototype/src/migrations[39m
[06:03:36] [32mINFO[39m: [36mMigrating: 20261003_103330_initial[39m
[06:03:37] [32mINFO[39m: [36mMigrated:  20261003_103330_initial (864ms)[39m
[06:03:37] [32mINFO[39m: [36mMigrating: 20261003_124500_integration_part1[39m
[06:03:37] [32mINFO[39m: [36mMigrated:  20261003_124500_integration_part1 (200ms)[39m
[06:03:37] [32mINFO[39m: [36mMigrating: 20261003_131651_integration_part2[39m
[06:03:37] [32mINFO[39m: [36mMigrated:  20261003_131651_integration_part2 (37ms)[39m
[06:03:37] [32mINFO[39m: [36mMigrating: 20261003_140611_harvest[39m
[06:03:37] [32mINFO[39m: [36mMigrated:  20261003_140611_harvest (22ms)[39m
[06:03:37] [32mINFO[39m: [36mMigrating: 20261003_180616_jibril_doors[39m
[06:03:37] [32mINFO[39m: [36mMigrated:  20261003_180616_jibril_doors (24ms)[39m
[06:03:37] [32mINFO[39m: [36mMigrating: 20261003_194500_line_tidy[39m
[06:03:37] [32mINFO[39m: [36mMigrated:  20261003_194500_line_tidy (1ms)[39m
[06:03:37] [32mINFO[39m: [36mMigrating: 20261003_200853_integration_final[39m
[06:03:37] [32mINFO[39m: [36mMigrated:  20261003_200853_integration_final (65ms)[39m
[06:03:37] [32mINFO[39m: [36mMigrating: 20261003_220000_feedback[39m
[06:03:37] [32mINFO[39m: [36mMigrated:  20261003_220000_feedback (22ms)[39m
[06:03:37] [32mINFO[39m: [36mMigrating: 20261004_031500_gather[39m
[06:03:38] [32mINFO[39m: [36mMigrated:  20261004_031500_gather (119ms)[39m
[06:03:38] [32mINFO[39m: [36mMigrating: 20261004_060000_shorts[39m
[06:03:38] [32mINFO[39m: [36mMigrated:  20261004_060000_shorts (2ms)[39m
[06:03:38] [32mINFO[39m: [36mMigrating: 20261004_061000_portal_time_zone[39m
[06:03:38] [32mINFO[39m: [36mMigrated:  20261004_061000_portal_time_zone (1ms)[39m
[06:03:38] [32mINFO[39m: [36mMigrating: 20261004_080000_lesson_picture_flags[39m
[06:03:38] [32mINFO[39m: [36mMigrated:  20261004_080000_lesson_picture_flags (1ms)[39m
[06:03:38] [32mINFO[39m: [36mMigrating: 20261004_120000_compass_v2[39m
[06:03:38] [32mINFO[39m: [36mMigrated:  20261004_120000_compass_v2 (35ms)[39m
[06:03:38] [32mINFO[39m: [36mMigrating: 20261004_180000_gather_entry_code[39m
[06:03:38] [32mINFO[39m: [36mMigrated:  20261004_180000_gather_entry_code (1ms)[39m
[06:03:38] [32mINFO[39m: [36mMigrating: 20261004_210000_schedule_minutes[39m
[06:03:38] [32mINFO[39m: [36mMigrated:  20261004_210000_schedule_minutes (0ms)[39m
[06:03:38] [32mINFO[39m: [36mMigrating: 20261004_230000_portal_features[39m
[06:03:38] [32mINFO[39m: [36mMigrated:  20261004_230000_portal_features (1ms)[39m
[06:03:38] [32mINFO[39m: [36mMigrating: 20261005_010000_admin_ops[39m
[06:03:38] [32mINFO[39m: [36mMigrated:  20261005_010000_admin_ops (23ms)[39m
[06:03:38] [32mINFO[39m: [36mMigrating: 20261005_020000_trash[39m
[06:03:38] [32mINFO[39m: [36mMigrated:  20261005_020000_trash (20ms)[39m
Harvest: 172 verses and hadith across 31 talks. No quotation found in 5: Gratitude is the Greatest Blessing | Gems from Ibn Ata Illah Ep. 1 | Shaykh Mikaeel Ahmed Smith; How to Manage Your Anger - Amjad Tarsin; Moments of Solitude: Closeness to God | Jummah Khutbah | Imam Khalid Latif | 3.11.2022; On Mosques, Companionship, & Knowledge; Quranic Connection #26: A Cure for Anxiety | Shaykh Suleiman Hani.
Harvest sample: 4 lines kept for Maryam.
Feedback demo: sample answers are on the East London and Leeds desks.
Seeded HEARTS. Master: master@hearts.test / hearts-master
Access codes (also on the master desk, and in data/seed-codes-test.json):
  elm-teacher    ELM-EUWN-CURD
  elm-admin      ELM-3ND3-EG7N
  elm-learner    ELM-FKTN-NU74
  elm-parent     ELM-43N9-V9NG
  leeds-teacher  LEEDS-8TD8-VVW7
  leeds-learner  LEEDS-Q4FQ-7XM7

Running 1 test using 1 worker

(node:64109) Warning: The 'NO_COLOR' env is ignored due to the 'FORCE_COLOR' env being set.
(Use `node --trace-warnings ...` to show where the warning was created)


(node:64109) Warning: The 'NO_COLOR' env is ignored due to the 'FORCE_COLOR' env being set.
(Use `node --trace-warnings ...` to show where the warning was created)


[1/1] tests/e2e/opening.spec.ts:77:3 › the opening › 1. a first visit to the portal lands on the opener, with its caption and both ways in
  1 passed (42.2s)
EXIT:0 opening.spec.ts try 1
===== opening.spec.ts :: a first visit to the portal lands on the opener :: try 2 =====
Wiped the Postgres database (dropped the public schema).
[06:04:20] [33mWARN[39m: [36mNo email adapter provided. Email will be written to console. More info at https://payloadcms.com/docs/email/overview.[39m
[06:04:20] [32mINFO[39m: [36mReading migration files from /workspace/hearts-prototype/src/migrations[39m
[06:04:20] [32mINFO[39m: [36mMigrating: 20261003_103330_initial[39m
[06:04:21] [32mINFO[39m: [36mMigrated:  20261003_103330_initial (728ms)[39m
[06:04:21] [32mINFO[39m: [36mMigrating: 20261003_124500_integration_part1[39m
[06:04:21] [32mINFO[39m: [36mMigrated:  20261003_124500_integration_part1 (131ms)[39m
[06:04:21] [32mINFO[39m: [36mMigrating: 20261003_131651_integration_part2[39m
[06:04:21] [32mINFO[39m: [36mMigrated:  20261003_131651_integration_part2 (30ms)[39m
[06:04:21] [32mINFO[39m: [36mMigrating: 20261003_140611_harvest[39m
[06:04:21] [32mINFO[39m: [36mMigrated:  20261003_140611_harvest (10ms)[39m
[06:04:21] [32mINFO[39m: [36mMigrating: 20261003_180616_jibril_doors[39m
[06:04:21] [32mINFO[39m: [36mMigrated:  20261003_180616_jibril_doors (14ms)[39m
[06:04:21] [32mINFO[39m: [36mMigrating: 20261003_194500_line_tidy[39m
[06:04:21] [32mINFO[39m: [36mMigrated:  20261003_194500_line_tidy (2ms)[39m
[06:04:21] [32mINFO[39m: [36mMigrating: 20261003_200853_integration_final[39m
[06:04:21] [32mINFO[39m: [36mMigrated:  20261003_200853_integration_final (36ms)[39m
[06:04:21] [32mINFO[39m: [36mMigrating: 20261003_220000_feedback[39m
[06:04:21] [32mINFO[39m: [36mMigrated:  20261003_220000_feedback (39ms)[39m
[06:04:21] [32mINFO[39m: [36mMigrating: 20261004_031500_gather[39m
[06:04:21] [32mINFO[39m: [36mMigrated:  20261004_031500_gather (66ms)[39m
[06:04:21] [32mINFO[39m: [36mMigrating: 20261004_060000_shorts[39m
[06:04:21] [32mINFO[39m: [36mMigrated:  20261004_060000_shorts (2ms)[39m
[06:04:21] [32mINFO[39m: [36mMigrating: 20261004_061000_portal_time_zone[39m
[06:04:21] [32mINFO[39m: [36mMigrated:  20261004_061000_portal_time_zone (2ms)[39m
[06:04:21] [32mINFO[39m: [36mMigrating: 20261004_080000_lesson_picture_flags[39m
[06:04:21] [32mINFO[39m: [36mMigrated:  20261004_080000_lesson_picture_flags (3ms)[39m
[06:04:21] [32mINFO[39m: [36mMigrating: 20261004_120000_compass_v2[39m
[06:04:21] [32mINFO[39m: [36mMigrated:  20261004_120000_compass_v2 (52ms)[39m
[06:04:21] [32mINFO[39m: [36mMigrating: 20261004_180000_gather_entry_code[39m
[06:04:21] [32mINFO[39m: [36mMigrated:  20261004_180000_gather_entry_code (1ms)[39m
[06:04:21] [32mINFO[39m: [36mMigrating: 20261004_210000_schedule_minutes[39m
[06:04:21] [32mINFO[39m: [36mMigrated:  20261004_210000_schedule_minutes (2ms)[39m
[06:04:21] [32mINFO[39m: [36mMigrating: 20261004_230000_portal_features[39m
[06:04:21] [32mINFO[39m: [36mMigrated:  20261004_230000_portal_features (1ms)[39m
[06:04:21] [32mINFO[39m: [36mMigrating: 20261005_010000_admin_ops[39m
[06:04:21] [32mINFO[39m: [36mMigrated:  20261005_010000_admin_ops (28ms)[39m
[06:04:21] [32mINFO[39m: [36mMigrating: 20261005_020000_trash[39m
[06:04:21] [32mINFO[39m: [36mMigrated:  20261005_020000_trash (17ms)[39m
Harvest: 172 verses and hadith across 31 talks. No quotation found in 5: Gratitude is the Greatest Blessing | Gems from Ibn Ata Illah Ep. 1 | Shaykh Mikaeel Ahmed Smith; How to Manage Your Anger - Amjad Tarsin; Moments of Solitude: Closeness to God | Jummah Khutbah | Imam Khalid Latif | 3.11.2022; On Mosques, Companionship, & Knowledge; Quranic Connection #26: A Cure for Anxiety | Shaykh Suleiman Hani.
Harvest sample: 4 lines kept for Maryam.
Feedback demo: sample answers are on the East London and Leeds desks.
Seeded HEARTS. Master: master@hearts.test / hearts-master
Access codes (also on the master desk, and in data/seed-codes-test.json):
  elm-teacher    ELM-DTFE-MH8B
  elm-admin      ELM-3XFF-9XVP
  elm-learner    ELM-WDV6-VTND
  elm-parent     ELM-UGND-AG64
  leeds-teacher  LEEDS-CQN4-6C7G
  leeds-learner  LEEDS-4NM9-R6Q7

Running 1 test using 1 worker

(node:64394) Warning: The 'NO_COLOR' env is ignored due to the 'FORCE_COLOR' env being set.
(Use `node --trace-warnings ...` to show where the warning was created)


(node:64394) Warning: The 'NO_COLOR' env is ignored due to the 'FORCE_COLOR' env being set.
(Use `node --trace-warnings ...` to show where the warning was created)


[1/1] tests/e2e/opening.spec.ts:77:3 › the opening › 1. a first visit to the portal lands on the opener, with its caption and both ways in
  1 passed (43.1s)
EXIT:0 opening.spec.ts try 2
===== portal-features.spec.ts :: the master creator can switch Gather off :: try 1 =====
Wiped the Postgres database (dropped the public schema).
[06:05:04] [33mWARN[39m: [36mNo email adapter provided. Email will be written to console. More info at https://payloadcms.com/docs/email/overview.[39m
[06:05:04] [32mINFO[39m: [36mReading migration files from /workspace/hearts-prototype/src/migrations[39m
[06:05:04] [32mINFO[39m: [36mMigrating: 20261003_103330_initial[39m
[06:05:04] [32mINFO[39m: [36mMigrated:  20261003_103330_initial (687ms)[39m
[06:05:04] [32mINFO[39m: [36mMigrating: 20261003_124500_integration_part1[39m
[06:05:04] [32mINFO[39m: [36mMigrated:  20261003_124500_integration_part1 (138ms)[39m
[06:05:04] [32mINFO[39m: [36mMigrating: 20261003_131651_integration_part2[39m
[06:05:04] [32mINFO[39m: [36mMigrated:  20261003_131651_integration_part2 (44ms)[39m
[06:05:04] [32mINFO[39m: [36mMigrating: 20261003_140611_harvest[39m
[06:05:04] [32mINFO[39m: [36mMigrated:  20261003_140611_harvest (18ms)[39m
[06:05:04] [32mINFO[39m: [36mMigrating: 20261003_180616_jibril_doors[39m
[06:05:04] [32mINFO[39m: [36mMigrated:  20261003_180616_jibril_doors (10ms)[39m
[06:05:04] [32mINFO[39m: [36mMigrating: 20261003_194500_line_tidy[39m
[06:05:04] [32mINFO[39m: [36mMigrated:  20261003_194500_line_tidy (1ms)[39m
[06:05:04] [32mINFO[39m: [36mMigrating: 20261003_200853_integration_final[39m
[06:05:05] [32mINFO[39m: [36mMigrated:  20261003_200853_integration_final (39ms)[39m
[06:05:05] [32mINFO[39m: [36mMigrating: 20261003_220000_feedback[39m
[06:05:05] [32mINFO[39m: [36mMigrated:  20261003_220000_feedback (20ms)[39m
[06:05:05] [32mINFO[39m: [36mMigrating: 20261004_031500_gather[39m
[06:05:05] [32mINFO[39m: [36mMigrated:  20261004_031500_gather (59ms)[39m
[06:05:05] [32mINFO[39m: [36mMigrating: 20261004_060000_shorts[39m
[06:05:05] [32mINFO[39m: [36mMigrated:  20261004_060000_shorts (3ms)[39m
[06:05:05] [32mINFO[39m: [36mMigrating: 20261004_061000_portal_time_zone[39m
[06:05:05] [32mINFO[39m: [36mMigrated:  20261004_061000_portal_time_zone (1ms)[39m
[06:05:05] [32mINFO[39m: [36mMigrating: 20261004_080000_lesson_picture_flags[39m
[06:05:05] [32mINFO[39m: [36mMigrated:  20261004_080000_lesson_picture_flags (1ms)[39m
[06:05:05] [32mINFO[39m: [36mMigrating: 20261004_120000_compass_v2[39m
[06:05:05] [32mINFO[39m: [36mMigrated:  20261004_120000_compass_v2 (49ms)[39m
[06:05:05] [32mINFO[39m: [36mMigrating: 20261004_180000_gather_entry_code[39m
[06:05:05] [32mINFO[39m: [36mMigrated:  20261004_180000_gather_entry_code (6ms)[39m
[06:05:05] [32mINFO[39m: [36mMigrating: 20261004_210000_schedule_minutes[39m
[06:05:05] [32mINFO[39m: [36mMigrated:  20261004_210000_schedule_minutes (1ms)[39m
[06:05:05] [32mINFO[39m: [36mMigrating: 20261004_230000_portal_features[39m
[06:05:05] [32mINFO[39m: [36mMigrated:  20261004_230000_portal_features (0ms)[39m
[06:05:05] [32mINFO[39m: [36mMigrating: 20261005_010000_admin_ops[39m
[06:05:05] [32mINFO[39m: [36mMigrated:  20261005_010000_admin_ops (29ms)[39m
[06:05:05] [32mINFO[39m: [36mMigrating: 20261005_020000_trash[39m
[06:05:05] [32mINFO[39m: [36mMigrated:  20261005_020000_trash (9ms)[39m
Harvest: 172 verses and hadith across 31 talks. No quotation found in 5: Gratitude is the Greatest Blessing | Gems from Ibn Ata Illah Ep. 1 | Shaykh Mikaeel Ahmed Smith; How to Manage Your Anger - Amjad Tarsin; Moments of Solitude: Closeness to God | Jummah Khutbah | Imam Khalid Latif | 3.11.2022; On Mosques, Companionship, & Knowledge; Quranic Connection #26: A Cure for Anxiety | Shaykh Suleiman Hani.
Harvest sample: 4 lines kept for Maryam.
Feedback demo: sample answers are on the East London and Leeds desks.
Seeded HEARTS. Master: master@hearts.test / hearts-master
Access codes (also on the master desk, and in data/seed-codes-test.json):
  elm-teacher    ELM-K6TT-UADD
  elm-admin      ELM-9EEW-HA7X
  elm-learner    ELM-76DX-G9AR
  elm-parent     ELM-BQQW-ECHP
  leeds-teacher  LEEDS-MPJQ-Q8FJ
  leeds-learner  LEEDS-JJG4-BEAK

Running 1 test using 1 worker

(node:64683) Warning: The 'NO_COLOR' env is ignored due to the 'FORCE_COLOR' env being set.
(Use `node --trace-warnings ...` to show where the warning was created)


(node:64683) Warning: The 'NO_COLOR' env is ignored due to the 'FORCE_COLOR' env being set.
(Use `node --trace-warnings ...` to show where the warning was created)


[1/1] tests/e2e/portal-features.spec.ts:61:1 › the master creator can switch Gather off, and a learner sees no Gather until it is turned back on
  1) tests/e2e/portal-features.spec.ts:61:1 › the master creator can switch Gather off, and a learner sees no Gather until it is turned back on 

    Test timeout of 180000ms exceeded.

    Error: apiRequestContext.patch: Request context disposed.
    Call log:
      - → PATCH http://127.0.0.1:3100/api/users/22
        - user-agent: Mozilla/5.0 (Windows NT 10.0; Win64; x64) AppleWebKit/537.36 (KHTML, like Gecko) Chrome/153.0.8010.12 Safari/537.36
        - accept: */*
        - accept-encoding: gzip,deflate,br
        - content-type: application/json
        - content-length: 37
        - cookie: payload-token=eyJhbGciOiJIUzI1NiIsImF1dGhWZXJzaW9uIjoxLCJ0eXAiOiJKV1QifQ.eyJuYW1lIjoiTWFzdGVyIGRlc2siLCJyb2xlIjoibWFzdGVyIiwiYWNjZXNzQ29kZSI6bnVsbCwidGVuYW50cyI6W10sImlkIjoxLCJjb2xsZWN0aW9uIjoidXNlcnMiLCJlbWFpbCI6Im1hc3RlckBoZWFydHMudGVzdCIsInNpZCI6ImE1NmM5NGE1LTJmMDktNDIwYS1hZjUzLTFiZDQzMDRlNTYzOCIsImlhdCI6MTc5MTE4MDMzMSwiZXhwIjoxNzkxMTg3NTMxfQ.nI33CD6TL5hPpXnMPbhFCBdI2ffS0ly5RCFvLszqT5U


      105 |   const learnerId = found.docs?.[0]?.id
      106 |   expect(learnerId).toBeTruthy()
    > 107 |   expect((await master.patch(`/api/users/${learnerId}`, { data: { onboarded: true, seenWelcome: true } })).ok()).toBeTruthy()
          |                        ^
      108 |
      109 |   const phone = await browser.newPage()
      110 |   await phone.setViewportSize(PHONE)
        at /workspace/hearts-prototype/tests/e2e/portal-features.spec.ts:107:24

    Error Context: test-results/portal-features-the-master-32281--until-it-is-turned-back-on/error-context.md

    Error Context: test-results/portal-features-the-master-32281--until-it-is-turned-back-on/error-context.md


  1 failed
    tests/e2e/portal-features.spec.ts:61:1 › the master creator can switch Gather off, and a learner sees no Gather until it is turned back on 
EXIT:1 portal-features.spec.ts try 1
===== portal-features.spec.ts :: the master creator can switch Gather off :: try 2 =====
Wiped the Postgres database (dropped the public schema).
[06:13:59] [33mWARN[39m: [36mNo email adapter provided. Email will be written to console. More info at https://payloadcms.com/docs/email/overview.[39m
[06:13:59] [32mINFO[39m: [36mReading migration files from /workspace/hearts-prototype/src/migrations[39m
[06:13:59] [32mINFO[39m: [36mMigrating: 20261003_103330_initial[39m
[06:14:00] [32mINFO[39m: [36mMigrated:  20261003_103330_initial (929ms)[39m
[06:14:00] [32mINFO[39m: [36mMigrating: 20261003_124500_integration_part1[39m
[06:14:00] [32mINFO[39m: [36mMigrated:  20261003_124500_integration_part1 (143ms)[39m
[06:14:00] [32mINFO[39m: [36mMigrating: 20261003_131651_integration_part2[39m
[06:14:00] [32mINFO[39m: [36mMigrated:  20261003_131651_integration_part2 (31ms)[39m
[06:14:00] [32mINFO[39m: [36mMigrating: 20261003_140611_harvest[39m
[06:14:00] [32mINFO[39m: [36mMigrated:  20261003_140611_harvest (9ms)[39m
[06:14:00] [32mINFO[39m: [36mMigrating: 20261003_180616_jibril_doors[39m
[06:14:00] [32mINFO[39m: [36mMigrated:  20261003_180616_jibril_doors (16ms)[39m
[06:14:00] [32mINFO[39m: [36mMigrating: 20261003_194500_line_tidy[39m
[06:14:00] [32mINFO[39m: [36mMigrated:  20261003_194500_line_tidy (2ms)[39m
[06:14:00] [32mINFO[39m: [36mMigrating: 20261003_200853_integration_final[39m
[06:14:00] [32mINFO[39m: [36mMigrated:  20261003_200853_integration_final (38ms)[39m
[06:14:00] [32mINFO[39m: [36mMigrating: 20261003_220000_feedback[39m
[06:14:00] [32mINFO[39m: [36mMigrated:  20261003_220000_feedback (29ms)[39m
[06:14:00] [32mINFO[39m: [36mMigrating: 20261004_031500_gather[39m
[06:14:00] [32mINFO[39m: [36mMigrated:  20261004_031500_gather (56ms)[39m
[06:14:00] [32mINFO[39m: [36mMigrating: 20261004_060000_shorts[39m
[06:14:00] [32mINFO[39m: [36mMigrated:  20261004_060000_shorts (2ms)[39m
[06:14:00] [32mINFO[39m: [36mMigrating: 20261004_061000_portal_time_zone[39m
[06:14:00] [32mINFO[39m: [36mMigrated:  20261004_061000_portal_time_zone (1ms)[39m
[06:14:00] [32mINFO[39m: [36mMigrating: 20261004_080000_lesson_picture_flags[39m
[06:14:00] [32mINFO[39m: [36mMigrated:  20261004_080000_lesson_picture_flags (1ms)[39m
[06:14:00] [32mINFO[39m: [36mMigrating: 20261004_120000_compass_v2[39m
[06:14:00] [32mINFO[39m: [36mMigrated:  20261004_120000_compass_v2 (28ms)[39m
[06:14:00] [32mINFO[39m: [36mMigrating: 20261004_180000_gather_entry_code[39m
[06:14:00] [32mINFO[39m: [36mMigrated:  20261004_180000_gather_entry_code (1ms)[39m
[06:14:00] [32mINFO[39m: [36mMigrating: 20261004_210000_schedule_minutes[39m
[06:14:00] [32mINFO[39m: [36mMigrated:  20261004_210000_schedule_minutes (1ms)[39m
[06:14:00] [32mINFO[39m: [36mMigrating: 20261004_230000_portal_features[39m
[06:14:00] [32mINFO[39m: [36mMigrated:  20261004_230000_portal_features (0ms)[39m
[06:14:00] [32mINFO[39m: [36mMigrating: 20261005_010000_admin_ops[39m
[06:14:00] [32mINFO[39m: [36mMigrated:  20261005_010000_admin_ops (39ms)[39m
[06:14:00] [32mINFO[39m: [36mMigrating: 20261005_020000_trash[39m
[06:14:00] [32mINFO[39m: [36mMigrated:  20261005_020000_trash (12ms)[39m
Harvest: 172 verses and hadith across 31 talks. No quotation found in 5: Gratitude is the Greatest Blessing | Gems from Ibn Ata Illah Ep. 1 | Shaykh Mikaeel Ahmed Smith; How to Manage Your Anger - Amjad Tarsin; Moments of Solitude: Closeness to God | Jummah Khutbah | Imam Khalid Latif | 3.11.2022; On Mosques, Companionship, & Knowledge; Quranic Connection #26: A Cure for Anxiety | Shaykh Suleiman Hani.
Harvest sample: 4 lines kept for Maryam.
Feedback demo: sample answers are on the East London and Leeds desks.
Seeded HEARTS. Master: master@hearts.test / hearts-master
Access codes (also on the master desk, and in data/seed-codes-test.json):
  elm-teacher    ELM-VNPW-UEKQ
  elm-admin      ELM-VHVM-P7QQ
  elm-learner    ELM-9NF9-PU4V
  elm-parent     ELM-FAQD-KCY6
  leeds-teacher  LEEDS-QM7F-MAMR
  leeds-learner  LEEDS-BNRN-8GAE

Running 1 test using 1 worker

(node:65075) Warning: The 'NO_COLOR' env is ignored due to the 'FORCE_COLOR' env being set.
(Use `node --trace-warnings ...` to show where the warning was created)


(node:65075) Warning: The 'NO_COLOR' env is ignored due to the 'FORCE_COLOR' env being set.
(Use `node --trace-warnings ...` to show where the warning was created)


[1/1] tests/e2e/portal-features.spec.ts:61:1 › the master creator can switch Gather off, and a learner sees no Gather until it is turned back on
  1) tests/e2e/portal-features.spec.ts:61:1 › the master creator can switch Gather off, and a learner sees no Gather until it is turned back on 

    Test timeout of 180000ms exceeded.

    Error: apiRequestContext.patch: Request context disposed.
    Call log:
      - → PATCH http://127.0.0.1:3100/api/users/22
        - user-agent: Mozilla/5.0 (Windows NT 10.0; Win64; x64) AppleWebKit/537.36 (KHTML, like Gecko) Chrome/153.0.8010.12 Safari/537.36
        - accept: */*
        - accept-encoding: gzip,deflate,br
        - content-type: application/json
        - content-length: 37
        - cookie: payload-token=eyJhbGciOiJIUzI1NiIsImF1dGhWZXJzaW9uIjoxLCJ0eXAiOiJKV1QifQ.eyJuYW1lIjoiTWFzdGVyIGRlc2siLCJyb2xlIjoibWFzdGVyIiwiYWNjZXNzQ29kZSI6bnVsbCwidGVuYW50cyI6W10sImlkIjoxLCJjb2xsZWN0aW9uIjoidXNlcnMiLCJlbWFpbCI6Im1hc3RlckBoZWFydHMudGVzdCIsInNpZCI6IjFiYTVmYTAzLTM4NmQtNGFmNy05ZDU5LTc3NTM2YjM1Y2NlYiIsImlhdCI6MTc5MTE4MDg2NSwiZXhwIjoxNzkxMTg4MDY1fQ.JMLY78nFr2A5jdwv0pbM-PZ-XfqlS5Pyn7plg_-F_TY


      105 |   const learnerId = found.docs?.[0]?.id
      106 |   expect(learnerId).toBeTruthy()
    > 107 |   expect((await master.patch(`/api/users/${learnerId}`, { data: { onboarded: true, seenWelcome: true } })).ok()).toBeTruthy()
          |                        ^
      108 |
      109 |   const phone = await browser.newPage()
      110 |   await phone.setViewportSize(PHONE)
        at /workspace/hearts-prototype/tests/e2e/portal-features.spec.ts:107:24

    Error Context: test-results/portal-features-the-master-32281--until-it-is-turned-back-on/error-context.md

    Error Context: test-results/portal-features-the-master-32281--until-it-is-turned-back-on/error-context.md


  1 failed
    tests/e2e/portal-features.spec.ts:61:1 › the master creator can switch Gather off, and a learner sees no Gather until it is turned back on 
EXIT:1 portal-features.spec.ts try 2
===== r5d-desks-proof.spec.ts :: admin and teacher open help tips :: try 1 =====
Wiped the Postgres database (dropped the public schema).
[06:17:36] [33mWARN[39m: [36mNo email adapter provided. Email will be written to console. More info at https://payloadcms.com/docs/email/overview.[39m
[06:17:36] [32mINFO[39m: [36mReading migration files from /workspace/hearts-prototype/src/migrations[39m
[06:17:36] [32mINFO[39m: [36mMigrating: 20261003_103330_initial[39m
[06:17:36] [32mINFO[39m: [36mMigrated:  20261003_103330_initial (688ms)[39m
[06:17:36] [32mINFO[39m: [36mMigrating: 20261003_124500_integration_part1[39m
[06:17:36] [32mINFO[39m: [36mMigrated:  20261003_124500_integration_part1 (112ms)[39m
[06:17:36] [32mINFO[39m: [36mMigrating: 20261003_131651_integration_part2[39m
[06:17:36] [32mINFO[39m: [36mMigrated:  20261003_131651_integration_part2 (23ms)[39m
[06:17:36] [32mINFO[39m: [36mMigrating: 20261003_140611_harvest[39m
[06:17:36] [32mINFO[39m: [36mMigrated:  20261003_140611_harvest (11ms)[39m
[06:17:36] [32mINFO[39m: [36mMigrating: 20261003_180616_jibril_doors[39m
[06:17:36] [32mINFO[39m: [36mMigrated:  20261003_180616_jibril_doors (9ms)[39m
[06:17:36] [32mINFO[39m: [36mMigrating: 20261003_194500_line_tidy[39m
[06:17:36] [32mINFO[39m: [36mMigrated:  20261003_194500_line_tidy (1ms)[39m
[06:17:36] [32mINFO[39m: [36mMigrating: 20261003_200853_integration_final[39m
[06:17:37] [32mINFO[39m: [36mMigrated:  20261003_200853_integration_final (37ms)[39m
[06:17:37] [32mINFO[39m: [36mMigrating: 20261003_220000_feedback[39m
[06:17:37] [32mINFO[39m: [36mMigrated:  20261003_220000_feedback (31ms)[39m
[06:17:37] [32mINFO[39m: [36mMigrating: 20261004_031500_gather[39m
[06:17:37] [32mINFO[39m: [36mMigrated:  20261004_031500_gather (56ms)[39m
[06:17:37] [32mINFO[39m: [36mMigrating: 20261004_060000_shorts[39m
[06:17:37] [32mINFO[39m: [36mMigrated:  20261004_060000_shorts (2ms)[39m
[06:17:37] [32mINFO[39m: [36mMigrating: 20261004_061000_portal_time_zone[39m
[06:17:37] [32mINFO[39m: [36mMigrated:  20261004_061000_portal_time_zone (1ms)[39m
[06:17:37] [32mINFO[39m: [36mMigrating: 20261004_080000_lesson_picture_flags[39m
[06:17:37] [32mINFO[39m: [36mMigrated:  20261004_080000_lesson_picture_flags (1ms)[39m
[06:17:37] [32mINFO[39m: [36mMigrating: 20261004_120000_compass_v2[39m
[06:17:37] [32mINFO[39m: [36mMigrated:  20261004_120000_compass_v2 (27ms)[39m
[06:17:37] [32mINFO[39m: [36mMigrating: 20261004_180000_gather_entry_code[39m
[06:17:37] [32mINFO[39m: [36mMigrated:  20261004_180000_gather_entry_code (2ms)[39m
[06:17:37] [32mINFO[39m: [36mMigrating: 20261004_210000_schedule_minutes[39m
[06:17:37] [32mINFO[39m: [36mMigrated:  20261004_210000_schedule_minutes (0ms)[39m
[06:17:37] [32mINFO[39m: [36mMigrating: 20261004_230000_portal_features[39m
[06:17:37] [32mINFO[39m: [36mMigrated:  20261004_230000_portal_features (0ms)[39m
[06:17:37] [32mINFO[39m: [36mMigrating: 20261005_010000_admin_ops[39m
[06:17:37] [32mINFO[39m: [36mMigrated:  20261005_010000_admin_ops (28ms)[39m
[06:17:37] [32mINFO[39m: [36mMigrating: 20261005_020000_trash[39m
[06:17:37] [32mINFO[39m: [36mMigrated:  20261005_020000_trash (20ms)[39m
Harvest: 172 verses and hadith across 31 talks. No quotation found in 5: Gratitude is the Greatest Blessing | Gems from Ibn Ata Illah Ep. 1 | Shaykh Mikaeel Ahmed Smith; How to Manage Your Anger - Amjad Tarsin; Moments of Solitude: Closeness to God | Jummah Khutbah | Imam Khalid Latif | 3.11.2022; On Mosques, Companionship, & Knowledge; Quranic Connection #26: A Cure for Anxiety | Shaykh Suleiman Hani.
Harvest sample: 4 lines kept for Maryam.
Feedback demo: sample answers are on the East London and Leeds desks.
Seeded HEARTS. Master: master@hearts.test / hearts-master
Access codes (also on the master desk, and in data/seed-codes-test.json):
  elm-teacher    ELM-A7X6-GA33
  elm-admin      ELM-8GUV-KWNQ
  elm-learner    ELM-VMVU-NXR3
  elm-parent     ELM-CNXW-3VWD
  leeds-teacher  LEEDS-PHXF-QRMX
  leeds-learner  LEEDS-MRYJ-M3HV

Running 1 test using 1 worker

(node:65434) Warning: The 'NO_COLOR' env is ignored due to the 'FORCE_COLOR' env being set.
(Use `node --trace-warnings ...` to show where the warning was created)


(node:65434) Warning: The 'NO_COLOR' env is ignored due to the 'FORCE_COLOR' env being set.
(Use `node --trace-warnings ...` to show where the warning was created)


[1/1] tests/e2e/r5d-desks-proof.spec.ts:359:1 › admin and teacher open help tips
  1 passed (58.9s)
EXIT:0 r5d-desks-proof.spec.ts try 1
===== r5d-desks-proof.spec.ts :: admin and teacher open help tips :: try 2 =====
Wiped the Postgres database (dropped the public schema).
[06:18:35] [33mWARN[39m: [36mNo email adapter provided. Email will be written to console. More info at https://payloadcms.com/docs/email/overview.[39m
[06:18:35] [32mINFO[39m: [36mReading migration files from /workspace/hearts-prototype/src/migrations[39m
[06:18:35] [32mINFO[39m: [36mMigrating: 20261003_103330_initial[39m
[06:18:36] [32mINFO[39m: [36mMigrated:  20261003_103330_initial (1107ms)[39m
[06:18:36] [32mINFO[39m: [36mMigrating: 20261003_124500_integration_part1[39m
[06:18:36] [32mINFO[39m: [36mMigrated:  20261003_124500_integration_part1 (172ms)[39m
[06:18:36] [32mINFO[39m: [36mMigrating: 20261003_131651_integration_part2[39m
[06:18:36] [32mINFO[39m: [36mMigrated:  20261003_131651_integration_part2 (37ms)[39m
[06:18:36] [32mINFO[39m: [36mMigrating: 20261003_140611_harvest[39m
[06:18:36] [32mINFO[39m: [36mMigrated:  20261003_140611_harvest (12ms)[39m
[06:18:36] [32mINFO[39m: [36mMigrating: 20261003_180616_jibril_doors[39m
[06:18:36] [32mINFO[39m: [36mMigrated:  20261003_180616_jibril_doors (14ms)[39m
[06:18:36] [32mINFO[39m: [36mMigrating: 20261003_194500_line_tidy[39m
[06:18:36] [32mINFO[39m: [36mMigrated:  20261003_194500_line_tidy (1ms)[39m
[06:18:36] [32mINFO[39m: [36mMigrating: 20261003_200853_integration_final[39m
[06:18:36] [32mINFO[39m: [36mMigrated:  20261003_200853_integration_final (35ms)[39m
[06:18:36] [32mINFO[39m: [36mMigrating: 20261003_220000_feedback[39m
[06:18:36] [32mINFO[39m: [36mMigrated:  20261003_220000_feedback (36ms)[39m
[06:18:36] [32mINFO[39m: [36mMigrating: 20261004_031500_gather[39m
[06:18:36] [32mINFO[39m: [36mMigrated:  20261004_031500_gather (84ms)[39m
[06:18:36] [32mINFO[39m: [36mMigrating: 20261004_060000_shorts[39m
[06:18:36] [32mINFO[39m: [36mMigrated:  20261004_060000_shorts (2ms)[39m
[06:18:36] [32mINFO[39m: [36mMigrating: 20261004_061000_portal_time_zone[39m
[06:18:36] [32mINFO[39m: [36mMigrated:  20261004_061000_portal_time_zone (1ms)[39m
[06:18:36] [32mINFO[39m: [36mMigrating: 20261004_080000_lesson_picture_flags[39m
[06:18:36] [32mINFO[39m: [36mMigrated:  20261004_080000_lesson_picture_flags (1ms)[39m
[06:18:36] [32mINFO[39m: [36mMigrating: 20261004_120000_compass_v2[39m
[06:18:36] [32mINFO[39m: [36mMigrated:  20261004_120000_compass_v2 (26ms)[39m
[06:18:36] [32mINFO[39m: [36mMigrating: 20261004_180000_gather_entry_code[39m
[06:18:36] [32mINFO[39m: [36mMigrated:  20261004_180000_gather_entry_code (1ms)[39m
[06:18:36] [32mINFO[39m: [36mMigrating: 20261004_210000_schedule_minutes[39m
[06:18:36] [32mINFO[39m: [36mMigrated:  20261004_210000_schedule_minutes (1ms)[39m
[06:18:36] [32mINFO[39m: [36mMigrating: 20261004_230000_portal_features[39m
[06:18:36] [32mINFO[39m: [36mMigrated:  20261004_230000_portal_features (1ms)[39m
[06:18:36] [32mINFO[39m: [36mMigrating: 20261005_010000_admin_ops[39m
[06:18:36] [32mINFO[39m: [36mMigrated:  20261005_010000_admin_ops (28ms)[39m
[06:18:37] [32mINFO[39m: [36mMigrating: 20261005_020000_trash[39m
[06:18:37] [32mINFO[39m: [36mMigrated:  20261005_020000_trash (9ms)[39m
Harvest: 172 verses and hadith across 31 talks. No quotation found in 5: Gratitude is the Greatest Blessing | Gems from Ibn Ata Illah Ep. 1 | Shaykh Mikaeel Ahmed Smith; How to Manage Your Anger - Amjad Tarsin; Moments of Solitude: Closeness to God | Jummah Khutbah | Imam Khalid Latif | 3.11.2022; On Mosques, Companionship, & Knowledge; Quranic Connection #26: A Cure for Anxiety | Shaykh Suleiman Hani.
Harvest sample: 4 lines kept for Maryam.
Feedback demo: sample answers are on the East London and Leeds desks.
Seeded HEARTS. Master: master@hearts.test / hearts-master
Access codes (also on the master desk, and in data/seed-codes-test.json):
  elm-teacher    ELM-CMRK-HKA6
  elm-admin      ELM-97TN-AMAD
  elm-learner    ELM-8FYY-D68B
  elm-parent     ELM-6CNT-EAVU
  leeds-teacher  LEEDS-PJ6C-GJD7
  leeds-learner  LEEDS-KQN6-8CAJ

Running 1 test using 1 worker

(node:65779) Warning: The 'NO_COLOR' env is ignored due to the 'FORCE_COLOR' env being set.
(Use `node --trace-warnings ...` to show where the warning was created)


(node:65779) Warning: The 'NO_COLOR' env is ignored due to the 'FORCE_COLOR' env being set.
(Use `node --trace-warnings ...` to show where the warning was created)


[1/1] tests/e2e/r5d-desks-proof.spec.ts:359:1 › admin and teacher open help tips
  1 passed (58.1s)
EXIT:0 r5d-desks-proof.spec.ts try 2
===== r5d-desks-proof.spec.ts :: every desk help card fits :: try 1 =====
Wiped the Postgres database (dropped the public schema).
[06:19:33] [33mWARN[39m: [36mNo email adapter provided. Email will be written to console. More info at https://payloadcms.com/docs/email/overview.[39m
[06:19:33] [32mINFO[39m: [36mReading migration files from /workspace/hearts-prototype/src/migrations[39m
[06:19:33] [32mINFO[39m: [36mMigrating: 20261003_103330_initial[39m
[06:19:34] [32mINFO[39m: [36mMigrated:  20261003_103330_initial (967ms)[39m
[06:19:34] [32mINFO[39m: [36mMigrating: 20261003_124500_integration_part1[39m
[06:19:34] [32mINFO[39m: [36mMigrated:  20261003_124500_integration_part1 (132ms)[39m
[06:19:34] [32mINFO[39m: [36mMigrating: 20261003_131651_integration_part2[39m
[06:19:34] [32mINFO[39m: [36mMigrated:  20261003_131651_integration_part2 (41ms)[39m
[06:19:34] [32mINFO[39m: [36mMigrating: 20261003_140611_harvest[39m
[06:19:34] [32mINFO[39m: [36mMigrated:  20261003_140611_harvest (17ms)[39m
[06:19:34] [32mINFO[39m: [36mMigrating: 20261003_180616_jibril_doors[39m
[06:19:34] [32mINFO[39m: [36mMigrated:  20261003_180616_jibril_doors (13ms)[39m
[06:19:34] [32mINFO[39m: [36mMigrating: 20261003_194500_line_tidy[39m
[06:19:34] [32mINFO[39m: [36mMigrated:  20261003_194500_line_tidy (1ms)[39m
[06:19:35] [32mINFO[39m: [36mMigrating: 20261003_200853_integration_final[39m
[06:19:35] [32mINFO[39m: [36mMigrated:  20261003_200853_integration_final (38ms)[39m
[06:19:35] [32mINFO[39m: [36mMigrating: 20261003_220000_feedback[39m
[06:19:35] [32mINFO[39m: [36mMigrated:  20261003_220000_feedback (24ms)[39m
[06:19:35] [32mINFO[39m: [36mMigrating: 20261004_031500_gather[39m
[06:19:35] [32mINFO[39m: [36mMigrated:  20261004_031500_gather (73ms)[39m
[06:19:35] [32mINFO[39m: [36mMigrating: 20261004_060000_shorts[39m
[06:19:35] [32mINFO[39m: [36mMigrated:  20261004_060000_shorts (2ms)[39m
[06:19:35] [32mINFO[39m: [36mMigrating: 20261004_061000_portal_time_zone[39m
[06:19:35] [32mINFO[39m: [36mMigrated:  20261004_061000_portal_time_zone (1ms)[39m
[06:19:35] [32mINFO[39m: [36mMigrating: 20261004_080000_lesson_picture_flags[39m
[06:19:35] [32mINFO[39m: [36mMigrated:  20261004_080000_lesson_picture_flags (1ms)[39m
[06:19:35] [32mINFO[39m: [36mMigrating: 20261004_120000_compass_v2[39m
[06:19:35] [32mINFO[39m: [36mMigrated:  20261004_120000_compass_v2 (33ms)[39m
[06:19:35] [32mINFO[39m: [36mMigrating: 20261004_180000_gather_entry_code[39m
[06:19:35] [32mINFO[39m: [36mMigrated:  20261004_180000_gather_entry_code (2ms)[39m
[06:19:35] [32mINFO[39m: [36mMigrating: 20261004_210000_schedule_minutes[39m
[06:19:35] [32mINFO[39m: [36mMigrated:  20261004_210000_schedule_minutes (1ms)[39m
[06:19:35] [32mINFO[39m: [36mMigrating: 20261004_230000_portal_features[39m
[06:19:35] [32mINFO[39m: [36mMigrated:  20261004_230000_portal_features (1ms)[39m
[06:19:35] [32mINFO[39m: [36mMigrating: 20261005_010000_admin_ops[39m
[06:19:35] [32mINFO[39m: [36mMigrated:  20261005_010000_admin_ops (28ms)[39m
[06:19:35] [32mINFO[39m: [36mMigrating: 20261005_020000_trash[39m
[06:19:35] [32mINFO[39m: [36mMigrated:  20261005_020000_trash (11ms)[39m
Harvest: 172 verses and hadith across 31 talks. No quotation found in 5: Gratitude is the Greatest Blessing | Gems from Ibn Ata Illah Ep. 1 | Shaykh Mikaeel Ahmed Smith; How to Manage Your Anger - Amjad Tarsin; Moments of Solitude: Closeness to God | Jummah Khutbah | Imam Khalid Latif | 3.11.2022; On Mosques, Companionship, & Knowledge; Quranic Connection #26: A Cure for Anxiety | Shaykh Suleiman Hani.
Harvest sample: 4 lines kept for Maryam.
Feedback demo: sample answers are on the East London and Leeds desks.
Seeded HEARTS. Master: master@hearts.test / hearts-master
Access codes (also on the master desk, and in data/seed-codes-test.json):
  elm-teacher    ELM-4JFB-QURK
  elm-admin      ELM-F8TU-VCN8
  elm-learner    ELM-T4TG-CHDH
  elm-parent     ELM-BNTU-WURY
  leeds-teacher  LEEDS-36CX-FGK7
  leeds-learner  LEEDS-Y9XF-Q4RM

Running 1 test using 1 worker

(node:66088) Warning: The 'NO_COLOR' env is ignored due to the 'FORCE_COLOR' env being set.
(Use `node --trace-warnings ...` to show where the warning was created)


(node:66088) Warning: The 'NO_COLOR' env is ignored due to the 'FORCE_COLOR' env being set.
(Use `node --trace-warnings ...` to show where the warning was created)


[1/1] tests/e2e/r5d-desks-proof.spec.ts:409:1 › every desk help card fits at 1366x700 and 1280x800
  1 passed (1.3m)
EXIT:0 r5d-desks-proof.spec.ts try 1
===== r5d-desks-proof.spec.ts :: every desk help card fits :: try 2 =====
Wiped the Postgres database (dropped the public schema).
[06:20:51] [33mWARN[39m: [36mNo email adapter provided. Email will be written to console. More info at https://payloadcms.com/docs/email/overview.[39m
[06:20:51] [32mINFO[39m: [36mReading migration files from /workspace/hearts-prototype/src/migrations[39m
[06:20:51] [32mINFO[39m: [36mMigrating: 20261003_103330_initial[39m
[06:20:52] [32mINFO[39m: [36mMigrated:  20261003_103330_initial (753ms)[39m
[06:20:52] [32mINFO[39m: [36mMigrating: 20261003_124500_integration_part1[39m
[06:20:52] [32mINFO[39m: [36mMigrated:  20261003_124500_integration_part1 (138ms)[39m
[06:20:52] [32mINFO[39m: [36mMigrating: 20261003_131651_integration_part2[39m
[06:20:52] [32mINFO[39m: [36mMigrated:  20261003_131651_integration_part2 (29ms)[39m
[06:20:52] [32mINFO[39m: [36mMigrating: 20261003_140611_harvest[39m
[06:20:52] [32mINFO[39m: [36mMigrated:  20261003_140611_harvest (31ms)[39m
[06:20:52] [32mINFO[39m: [36mMigrating: 20261003_180616_jibril_doors[39m
[06:20:52] [32mINFO[39m: [36mMigrated:  20261003_180616_jibril_doors (14ms)[39m
[06:20:52] [32mINFO[39m: [36mMigrating: 20261003_194500_line_tidy[39m
[06:20:52] [32mINFO[39m: [36mMigrated:  20261003_194500_line_tidy (1ms)[39m
[06:20:52] [32mINFO[39m: [36mMigrating: 20261003_200853_integration_final[39m
[06:20:52] [32mINFO[39m: [36mMigrated:  20261003_200853_integration_final (29ms)[39m
[06:20:52] [32mINFO[39m: [36mMigrating: 20261003_220000_feedback[39m
[06:20:52] [32mINFO[39m: [36mMigrated:  20261003_220000_feedback (30ms)[39m
[06:20:52] [32mINFO[39m: [36mMigrating: 20261004_031500_gather[39m
[06:20:52] [32mINFO[39m: [36mMigrated:  20261004_031500_gather (75ms)[39m
[06:20:52] [32mINFO[39m: [36mMigrating: 20261004_060000_shorts[39m
[06:20:52] [32mINFO[39m: [36mMigrated:  20261004_060000_shorts (2ms)[39m
[06:20:52] [32mINFO[39m: [36mMigrating: 20261004_061000_portal_time_zone[39m
[06:20:52] [32mINFO[39m: [36mMigrated:  20261004_061000_portal_time_zone (1ms)[39m
[06:20:52] [32mINFO[39m: [36mMigrating: 20261004_080000_lesson_picture_flags[39m
[06:20:52] [32mINFO[39m: [36mMigrated:  20261004_080000_lesson_picture_flags (1ms)[39m
[06:20:52] [32mINFO[39m: [36mMigrating: 20261004_120000_compass_v2[39m
[06:20:52] [32mINFO[39m: [36mMigrated:  20261004_120000_compass_v2 (27ms)[39m
[06:20:52] [32mINFO[39m: [36mMigrating: 20261004_180000_gather_entry_code[39m
[06:20:52] [32mINFO[39m: [36mMigrated:  20261004_180000_gather_entry_code (1ms)[39m
[06:20:52] [32mINFO[39m: [36mMigrating: 20261004_210000_schedule_minutes[39m
[06:20:52] [32mINFO[39m: [36mMigrated:  20261004_210000_schedule_minutes (0ms)[39m
[06:20:52] [32mINFO[39m: [36mMigrating: 20261004_230000_portal_features[39m
[06:20:52] [32mINFO[39m: [36mMigrated:  20261004_230000_portal_features (1ms)[39m
[06:20:52] [32mINFO[39m: [36mMigrating: 20261005_010000_admin_ops[39m
[06:20:53] [32mINFO[39m: [36mMigrated:  20261005_010000_admin_ops (29ms)[39m
[06:20:53] [32mINFO[39m: [36mMigrating: 20261005_020000_trash[39m
[06:20:53] [32mINFO[39m: [36mMigrated:  20261005_020000_trash (21ms)[39m
Harvest: 172 verses and hadith across 31 talks. No quotation found in 5: Gratitude is the Greatest Blessing | Gems from Ibn Ata Illah Ep. 1 | Shaykh Mikaeel Ahmed Smith; How to Manage Your Anger - Amjad Tarsin; Moments of Solitude: Closeness to God | Jummah Khutbah | Imam Khalid Latif | 3.11.2022; On Mosques, Companionship, & Knowledge; Quranic Connection #26: A Cure for Anxiety | Shaykh Suleiman Hani.
Harvest sample: 4 lines kept for Maryam.
Feedback demo: sample answers are on the East London and Leeds desks.
Seeded HEARTS. Master: master@hearts.test / hearts-master
Access codes (also on the master desk, and in data/seed-codes-test.json):
  elm-teacher    ELM-PFK8-WWTN
  elm-admin      ELM-CHRH-T4EU
  elm-learner    ELM-N3K3-WWQC
  elm-parent     ELM-JEVF-JPKK
  leeds-teacher  LEEDS-CW8B-44H4
  leeds-learner  LEEDS-WK8V-EMD7

Running 1 test using 1 worker

(node:66564) Warning: The 'NO_COLOR' env is ignored due to the 'FORCE_COLOR' env being set.
(Use `node --trace-warnings ...` to show where the warning was created)


(node:66564) Warning: The 'NO_COLOR' env is ignored due to the 'FORCE_COLOR' env being set.
(Use `node --trace-warnings ...` to show where the warning was created)


[1/1] tests/e2e/r5d-desks-proof.spec.ts:409:1 › every desk help card fits at 1366x700 and 1280x800
  1 passed (1.3m)
EXIT:0 r5d-desks-proof.spec.ts try 2
===== round2-integration.spec.ts :: no hoopoe or Hudhud :: try 1 =====
Wiped the Postgres database (dropped the public schema).
[06:22:10] [33mWARN[39m: [36mNo email adapter provided. Email will be written to console. More info at https://payloadcms.com/docs/email/overview.[39m
[06:22:10] [32mINFO[39m: [36mReading migration files from /workspace/hearts-prototype/src/migrations[39m
[06:22:10] [32mINFO[39m: [36mMigrating: 20261003_103330_initial[39m
[06:22:11] [32mINFO[39m: [36mMigrated:  20261003_103330_initial (797ms)[39m
[06:22:11] [32mINFO[39m: [36mMigrating: 20261003_124500_integration_part1[39m
[06:22:11] [32mINFO[39m: [36mMigrated:  20261003_124500_integration_part1 (149ms)[39m
[06:22:11] [32mINFO[39m: [36mMigrating: 20261003_131651_integration_part2[39m
[06:22:11] [32mINFO[39m: [36mMigrated:  20261003_131651_integration_part2 (58ms)[39m
[06:22:11] [32mINFO[39m: [36mMigrating: 20261003_140611_harvest[39m
[06:22:11] [32mINFO[39m: [36mMigrated:  20261003_140611_harvest (16ms)[39m
[06:22:11] [32mINFO[39m: [36mMigrating: 20261003_180616_jibril_doors[39m
[06:22:11] [32mINFO[39m: [36mMigrated:  20261003_180616_jibril_doors (17ms)[39m
[06:22:11] [32mINFO[39m: [36mMigrating: 20261003_194500_line_tidy[39m
[06:22:11] [32mINFO[39m: [36mMigrated:  20261003_194500_line_tidy (1ms)[39m
[06:22:11] [32mINFO[39m: [36mMigrating: 20261003_200853_integration_final[39m
[06:22:11] [32mINFO[39m: [36mMigrated:  20261003_200853_integration_final (34ms)[39m
[06:22:11] [32mINFO[39m: [36mMigrating: 20261003_220000_feedback[39m
[06:22:11] [32mINFO[39m: [36mMigrated:  20261003_220000_feedback (34ms)[39m
[06:22:11] [32mINFO[39m: [36mMigrating: 20261004_031500_gather[39m
[06:22:11] [32mINFO[39m: [36mMigrated:  20261004_031500_gather (54ms)[39m
[06:22:11] [32mINFO[39m: [36mMigrating: 20261004_060000_shorts[39m
[06:22:11] [32mINFO[39m: [36mMigrated:  20261004_060000_shorts (1ms)[39m
[06:22:11] [32mINFO[39m: [36mMigrating: 20261004_061000_portal_time_zone[39m
[06:22:11] [32mINFO[39m: [36mMigrated:  20261004_061000_portal_time_zone (1ms)[39m
[06:22:11] [32mINFO[39m: [36mMigrating: 20261004_080000_lesson_picture_flags[39m
[06:22:11] [32mINFO[39m: [36mMigrated:  20261004_080000_lesson_picture_flags (1ms)[39m
[06:22:11] [32mINFO[39m: [36mMigrating: 20261004_120000_compass_v2[39m
[06:22:11] [32mINFO[39m: [36mMigrated:  20261004_120000_compass_v2 (28ms)[39m
[06:22:11] [32mINFO[39m: [36mMigrating: 20261004_180000_gather_entry_code[39m
[06:22:11] [32mINFO[39m: [36mMigrated:  20261004_180000_gather_entry_code (1ms)[39m
[06:22:11] [32mINFO[39m: [36mMigrating: 20261004_210000_schedule_minutes[39m
[06:22:11] [32mINFO[39m: [36mMigrated:  20261004_210000_schedule_minutes (1ms)[39m
[06:22:11] [32mINFO[39m: [36mMigrating: 20261004_230000_portal_features[39m
[06:22:11] [32mINFO[39m: [36mMigrated:  20261004_230000_portal_features (1ms)[39m
[06:22:11] [32mINFO[39m: [36mMigrating: 20261005_010000_admin_ops[39m
[06:22:11] [32mINFO[39m: [36mMigrated:  20261005_010000_admin_ops (38ms)[39m
[06:22:11] [32mINFO[39m: [36mMigrating: 20261005_020000_trash[39m
[06:22:11] [32mINFO[39m: [36mMigrated:  20261005_020000_trash (10ms)[39m
Harvest: 172 verses and hadith across 31 talks. No quotation found in 5: Gratitude is the Greatest Blessing | Gems from Ibn Ata Illah Ep. 1 | Shaykh Mikaeel Ahmed Smith; How to Manage Your Anger - Amjad Tarsin; Moments of Solitude: Closeness to God | Jummah Khutbah | Imam Khalid Latif | 3.11.2022; On Mosques, Companionship, & Knowledge; Quranic Connection #26: A Cure for Anxiety | Shaykh Suleiman Hani.
Harvest sample: 4 lines kept for Maryam.
Feedback demo: sample answers are on the East London and Leeds desks.
Seeded HEARTS. Master: master@hearts.test / hearts-master
Access codes (also on the master desk, and in data/seed-codes-test.json):
  elm-teacher    ELM-9TWB-6JQ8
  elm-admin      ELM-3MBY-UKH3
  elm-learner    ELM-K4V9-JYQG
  elm-parent     ELM-WFV3-A3EG
  leeds-teacher  LEEDS-GCF9-RMMY
  leeds-learner  LEEDS-NPJB-RDRT

Running 1 test using 1 worker

(node:67036) Warning: The 'NO_COLOR' env is ignored due to the 'FORCE_COLOR' env being set.
(Use `node --trace-warnings ...` to show where the warning was created)


(node:67036) Warning: The 'NO_COLOR' env is ignored due to the 'FORCE_COLOR' env being set.
(Use `node --trace-warnings ...` to show where the warning was created)


[1/1] tests/e2e/round2-integration.spec.ts:27:1 › no hoopoe or Hudhud on sign-in, Home, the feed, the garden, Me, the desks or the laptop page
[WebServer] (node:66940) DeprecationWarning: Calling client.query() when the client is already executing a query is deprecated and will be removed in pg@9.0. Use async/await or an external async flow control mechanism instead.
[WebServer] (Use `node --trace-deprecation ...` to show where the warning was created)

  1 passed (1.1m)
EXIT:0 round2-integration.spec.ts try 1
===== round2-integration.spec.ts :: no hoopoe or Hudhud :: try 2 =====
Wiped the Postgres database (dropped the public schema).
[06:23:19] [33mWARN[39m: [36mNo email adapter provided. Email will be written to console. More info at https://payloadcms.com/docs/email/overview.[39m
[06:23:19] [32mINFO[39m: [36mReading migration files from /workspace/hearts-prototype/src/migrations[39m
[06:23:19] [32mINFO[39m: [36mMigrating: 20261003_103330_initial[39m
[06:23:20] [32mINFO[39m: [36mMigrated:  20261003_103330_initial (930ms)[39m
[06:23:20] [32mINFO[39m: [36mMigrating: 20261003_124500_integration_part1[39m
[06:23:20] [32mINFO[39m: [36mMigrated:  20261003_124500_integration_part1 (200ms)[39m
[06:23:20] [32mINFO[39m: [36mMigrating: 20261003_131651_integration_part2[39m
[06:23:20] [32mINFO[39m: [36mMigrated:  20261003_131651_integration_part2 (44ms)[39m
[06:23:20] [32mINFO[39m: [36mMigrating: 20261003_140611_harvest[39m
[06:23:20] [32mINFO[39m: [36mMigrated:  20261003_140611_harvest (18ms)[39m
[06:23:20] [32mINFO[39m: [36mMigrating: 20261003_180616_jibril_doors[39m
[06:23:20] [32mINFO[39m: [36mMigrated:  20261003_180616_jibril_doors (11ms)[39m
[06:23:20] [32mINFO[39m: [36mMigrating: 20261003_194500_line_tidy[39m
[06:23:20] [32mINFO[39m: [36mMigrated:  20261003_194500_line_tidy (0ms)[39m
[06:23:20] [32mINFO[39m: [36mMigrating: 20261003_200853_integration_final[39m
[06:23:20] [32mINFO[39m: [36mMigrated:  20261003_200853_integration_final (28ms)[39m
[06:23:20] [32mINFO[39m: [36mMigrating: 20261003_220000_feedback[39m
[06:23:20] [32mINFO[39m: [36mMigrated:  20261003_220000_feedback (23ms)[39m
[06:23:20] [32mINFO[39m: [36mMigrating: 20261004_031500_gather[39m
[06:23:20] [32mINFO[39m: [36mMigrated:  20261004_031500_gather (73ms)[39m
[06:23:20] [32mINFO[39m: [36mMigrating: 20261004_060000_shorts[39m
[06:23:20] [32mINFO[39m: [36mMigrated:  20261004_060000_shorts (2ms)[39m
[06:23:20] [32mINFO[39m: [36mMigrating: 20261004_061000_portal_time_zone[39m
[06:23:20] [32mINFO[39m: [36mMigrated:  20261004_061000_portal_time_zone (1ms)[39m
[06:23:20] [32mINFO[39m: [36mMigrating: 20261004_080000_lesson_picture_flags[39m
[06:23:20] [32mINFO[39m: [36mMigrated:  20261004_080000_lesson_picture_flags (1ms)[39m
[06:23:20] [32mINFO[39m: [36mMigrating: 20261004_120000_compass_v2[39m
[06:23:20] [32mINFO[39m: [36mMigrated:  20261004_120000_compass_v2 (21ms)[39m
[06:23:20] [32mINFO[39m: [36mMigrating: 20261004_180000_gather_entry_code[39m
[06:23:20] [32mINFO[39m: [36mMigrated:  20261004_180000_gather_entry_code (1ms)[39m
[06:23:20] [32mINFO[39m: [36mMigrating: 20261004_210000_schedule_minutes[39m
[06:23:20] [32mINFO[39m: [36mMigrated:  20261004_210000_schedule_minutes (1ms)[39m
[06:23:20] [32mINFO[39m: [36mMigrating: 20261004_230000_portal_features[39m
[06:23:20] [32mINFO[39m: [36mMigrated:  20261004_230000_portal_features (1ms)[39m
[06:23:20] [32mINFO[39m: [36mMigrating: 20261005_010000_admin_ops[39m
[06:23:20] [32mINFO[39m: [36mMigrated:  20261005_010000_admin_ops (25ms)[39m
[06:23:20] [32mINFO[39m: [36mMigrating: 20261005_020000_trash[39m
[06:23:20] [32mINFO[39m: [36mMigrated:  20261005_020000_trash (8ms)[39m
Harvest: 172 verses and hadith across 31 talks. No quotation found in 5: Gratitude is the Greatest Blessing | Gems from Ibn Ata Illah Ep. 1 | Shaykh Mikaeel Ahmed Smith; How to Manage Your Anger - Amjad Tarsin; Moments of Solitude: Closeness to God | Jummah Khutbah | Imam Khalid Latif | 3.11.2022; On Mosques, Companionship, & Knowledge; Quranic Connection #26: A Cure for Anxiety | Shaykh Suleiman Hani.
Harvest sample: 4 lines kept for Maryam.
Feedback demo: sample answers are on the East London and Leeds desks.
Seeded HEARTS. Master: master@hearts.test / hearts-master
Access codes (also on the master desk, and in data/seed-codes-test.json):
  elm-teacher    ELM-TU69-4WXX
  elm-admin      ELM-GJYK-NJD9
  elm-learner    ELM-QJJF-E7F3
  elm-parent     ELM-D3PP-3UMK
  leeds-teacher  LEEDS-T44V-8AX6
  leeds-learner  LEEDS-7MTG-D8AY

Running 1 test using 1 worker

(node:67423) Warning: The 'NO_COLOR' env is ignored due to the 'FORCE_COLOR' env being set.
(Use `node --trace-warnings ...` to show where the warning was created)


(node:67423) Warning: The 'NO_COLOR' env is ignored due to the 'FORCE_COLOR' env being set.
(Use `node --trace-warnings ...` to show where the warning was created)


[1/1] tests/e2e/round2-integration.spec.ts:27:1 › no hoopoe or Hudhud on sign-in, Home, the feed, the garden, Me, the desks or the laptop page
[WebServer]  ⚠ Fast Refresh had to perform a full reload. Read more: https://nextjs.org/docs/messages/fast-refresh-reload

[WebServer] (node:67328) DeprecationWarning: Calling client.query() when the client is already executing a query is deprecated and will be removed in pg@9.0. Use async/await or an external async flow control mechanism instead.
[WebServer] (Use `node --trace-deprecation ...` to show where the warning was created)

  1 passed (1.2m)
EXIT:0 round2-integration.spec.ts try 2
===== round2-integration.spec.ts :: desks wear the evening garden :: try 1 =====
Wiped the Postgres database (dropped the public schema).
[06:24:29] [33mWARN[39m: [36mNo email adapter provided. Email will be written to console. More info at https://payloadcms.com/docs/email/overview.[39m
[06:24:29] [32mINFO[39m: [36mReading migration files from /workspace/hearts-prototype/src/migrations[39m
[06:24:29] [32mINFO[39m: [36mMigrating: 20261003_103330_initial[39m
[06:24:30] [32mINFO[39m: [36mMigrated:  20261003_103330_initial (786ms)[39m
[06:24:30] [32mINFO[39m: [36mMigrating: 20261003_124500_integration_part1[39m
[06:24:30] [32mINFO[39m: [36mMigrated:  20261003_124500_integration_part1 (131ms)[39m
[06:24:30] [32mINFO[39m: [36mMigrating: 20261003_131651_integration_part2[39m
[06:24:30] [32mINFO[39m: [36mMigrated:  20261003_131651_integration_part2 (33ms)[39m
[06:24:30] [32mINFO[39m: [36mMigrating: 20261003_140611_harvest[39m
[06:24:30] [32mINFO[39m: [36mMigrated:  20261003_140611_harvest (20ms)[39m
[06:24:30] [32mINFO[39m: [36mMigrating: 20261003_180616_jibril_doors[39m
[06:24:30] [32mINFO[39m: [36mMigrated:  20261003_180616_jibril_doors (18ms)[39m
[06:24:30] [32mINFO[39m: [36mMigrating: 20261003_194500_line_tidy[39m
[06:24:30] [32mINFO[39m: [36mMigrated:  20261003_194500_line_tidy (1ms)[39m
[06:24:30] [32mINFO[39m: [36mMigrating: 20261003_200853_integration_final[39m
[06:24:30] [32mINFO[39m: [36mMigrated:  20261003_200853_integration_final (31ms)[39m
[06:24:30] [32mINFO[39m: [36mMigrating: 20261003_220000_feedback[39m
[06:24:30] [32mINFO[39m: [36mMigrated:  20261003_220000_feedback (31ms)[39m
[06:24:30] [32mINFO[39m: [36mMigrating: 20261004_031500_gather[39m
[06:24:30] [32mINFO[39m: [36mMigrated:  20261004_031500_gather (79ms)[39m
[06:24:30] [32mINFO[39m: [36mMigrating: 20261004_060000_shorts[39m
[06:24:30] [32mINFO[39m: [36mMigrated:  20261004_060000_shorts (2ms)[39m
[06:24:30] [32mINFO[39m: [36mMigrating: 20261004_061000_portal_time_zone[39m
[06:24:30] [32mINFO[39m: [36mMigrated:  20261004_061000_portal_time_zone (1ms)[39m
[06:24:30] [32mINFO[39m: [36mMigrating: 20261004_080000_lesson_picture_flags[39m
[06:24:30] [32mINFO[39m: [36mMigrated:  20261004_080000_lesson_picture_flags (1ms)[39m
[06:24:30] [32mINFO[39m: [36mMigrating: 20261004_120000_compass_v2[39m
[06:24:30] [32mINFO[39m: [36mMigrated:  20261004_120000_compass_v2 (28ms)[39m
[06:24:30] [32mINFO[39m: [36mMigrating: 20261004_180000_gather_entry_code[39m
[06:24:30] [32mINFO[39m: [36mMigrated:  20261004_180000_gather_entry_code (0ms)[39m
[06:24:30] [32mINFO[39m: [36mMigrating: 20261004_210000_schedule_minutes[39m
[06:24:30] [32mINFO[39m: [36mMigrated:  20261004_210000_schedule_minutes (0ms)[39m
[06:24:30] [32mINFO[39m: [36mMigrating: 20261004_230000_portal_features[39m
[06:24:30] [32mINFO[39m: [36mMigrated:  20261004_230000_portal_features (1ms)[39m
[06:24:30] [32mINFO[39m: [36mMigrating: 20261005_010000_admin_ops[39m
[06:24:30] [32mINFO[39m: [36mMigrated:  20261005_010000_admin_ops (23ms)[39m
[06:24:30] [32mINFO[39m: [36mMigrating: 20261005_020000_trash[39m
[06:24:30] [32mINFO[39m: [36mMigrated:  20261005_020000_trash (11ms)[39m
Harvest: 172 verses and hadith across 31 talks. No quotation found in 5: Gratitude is the Greatest Blessing | Gems from Ibn Ata Illah Ep. 1 | Shaykh Mikaeel Ahmed Smith; How to Manage Your Anger - Amjad Tarsin; Moments of Solitude: Closeness to God | Jummah Khutbah | Imam Khalid Latif | 3.11.2022; On Mosques, Companionship, & Knowledge; Quranic Connection #26: A Cure for Anxiety | Shaykh Suleiman Hani.
Harvest sample: 4 lines kept for Maryam.
Feedback demo: sample answers are on the East London and Leeds desks.
Seeded HEARTS. Master: master@hearts.test / hearts-master
Access codes (also on the master desk, and in data/seed-codes-test.json):
  elm-teacher    ELM-YFPY-7RXF
  elm-admin      ELM-7KGN-MGRT
  elm-learner    ELM-GF74-MV68
  elm-parent     ELM-3PGY-W34C
  leeds-teacher  LEEDS-KFYR-UJR7
  leeds-learner  LEEDS-9GHF-KYGM

Running 1 test using 1 worker

(node:67815) Warning: The 'NO_COLOR' env is ignored due to the 'FORCE_COLOR' env being set.
(Use `node --trace-warnings ...` to show where the warning was created)


(node:67815) Warning: The 'NO_COLOR' env is ignored due to the 'FORCE_COLOR' env being set.
(Use `node --trace-warnings ...` to show where the warning was created)


[1/1] tests/e2e/round2-integration.spec.ts:69:1 › desks wear the evening garden: deep teal page and panels, gold buttons
  1 passed (1.1m)
EXIT:0 round2-integration.spec.ts try 1
===== round2-integration.spec.ts :: desks wear the evening garden :: try 2 =====
Wiped the Postgres database (dropped the public schema).
[06:25:34] [33mWARN[39m: [36mNo email adapter provided. Email will be written to console. More info at https://payloadcms.com/docs/email/overview.[39m
[06:25:34] [32mINFO[39m: [36mReading migration files from /workspace/hearts-prototype/src/migrations[39m
[06:25:34] [32mINFO[39m: [36mMigrating: 20261003_103330_initial[39m
[06:25:34] [32mINFO[39m: [36mMigrated:  20261003_103330_initial (811ms)[39m
[06:25:34] [32mINFO[39m: [36mMigrating: 20261003_124500_integration_part1[39m
[06:25:35] [32mINFO[39m: [36mMigrated:  20261003_124500_integration_part1 (141ms)[39m
[06:25:35] [32mINFO[39m: [36mMigrating: 20261003_131651_integration_part2[39m
[06:25:35] [32mINFO[39m: [36mMigrated:  20261003_131651_integration_part2 (32ms)[39m
[06:25:35] [32mINFO[39m: [36mMigrating: 20261003_140611_harvest[39m
[06:25:35] [32mINFO[39m: [36mMigrated:  20261003_140611_harvest (9ms)[39m
[06:25:35] [32mINFO[39m: [36mMigrating: 20261003_180616_jibril_doors[39m
[06:25:35] [32mINFO[39m: [36mMigrated:  20261003_180616_jibril_doors (12ms)[39m
[06:25:35] [32mINFO[39m: [36mMigrating: 20261003_194500_line_tidy[39m
[06:25:35] [32mINFO[39m: [36mMigrated:  20261003_194500_line_tidy (1ms)[39m
[06:25:35] [32mINFO[39m: [36mMigrating: 20261003_200853_integration_final[39m
[06:25:35] [32mINFO[39m: [36mMigrated:  20261003_200853_integration_final (46ms)[39m
[06:25:35] [32mINFO[39m: [36mMigrating: 20261003_220000_feedback[39m
[06:25:35] [32mINFO[39m: [36mMigrated:  20261003_220000_feedback (25ms)[39m
[06:25:35] [32mINFO[39m: [36mMigrating: 20261004_031500_gather[39m
[06:25:35] [32mINFO[39m: [36mMigrated:  20261004_031500_gather (73ms)[39m
[06:25:35] [32mINFO[39m: [36mMigrating: 20261004_060000_shorts[39m
[06:25:35] [32mINFO[39m: [36mMigrated:  20261004_060000_shorts (1ms)[39m
[06:25:35] [32mINFO[39m: [36mMigrating: 20261004_061000_portal_time_zone[39m
[06:25:35] [32mINFO[39m: [36mMigrated:  20261004_061000_portal_time_zone (1ms)[39m
[06:25:35] [32mINFO[39m: [36mMigrating: 20261004_080000_lesson_picture_flags[39m
[06:25:35] [32mINFO[39m: [36mMigrated:  20261004_080000_lesson_picture_flags (1ms)[39m
[06:25:35] [32mINFO[39m: [36mMigrating: 20261004_120000_compass_v2[39m
[06:25:35] [32mINFO[39m: [36mMigrated:  20261004_120000_compass_v2 (36ms)[39m
[06:25:35] [32mINFO[39m: [36mMigrating: 20261004_180000_gather_entry_code[39m
[06:25:35] [32mINFO[39m: [36mMigrated:  20261004_180000_gather_entry_code (1ms)[39m
[06:25:35] [32mINFO[39m: [36mMigrating: 20261004_210000_schedule_minutes[39m
[06:25:35] [32mINFO[39m: [36mMigrated:  20261004_210000_schedule_minutes (1ms)[39m
[06:25:35] [32mINFO[39m: [36mMigrating: 20261004_230000_portal_features[39m
[06:25:35] [32mINFO[39m: [36mMigrated:  20261004_230000_portal_features (1ms)[39m
[06:25:35] [32mINFO[39m: [36mMigrating: 20261005_010000_admin_ops[39m
[06:25:35] [32mINFO[39m: [36mMigrated:  20261005_010000_admin_ops (24ms)[39m
[06:25:35] [32mINFO[39m: [36mMigrating: 20261005_020000_trash[39m
[06:25:35] [32mINFO[39m: [36mMigrated:  20261005_020000_trash (12ms)[39m
Harvest: 172 verses and hadith across 31 talks. No quotation found in 5: Gratitude is the Greatest Blessing | Gems from Ibn Ata Illah Ep. 1 | Shaykh Mikaeel Ahmed Smith; How to Manage Your Anger - Amjad Tarsin; Moments of Solitude: Closeness to God | Jummah Khutbah | Imam Khalid Latif | 3.11.2022; On Mosques, Companionship, & Knowledge; Quranic Connection #26: A Cure for Anxiety | Shaykh Suleiman Hani.
Harvest sample: 4 lines kept for Maryam.
Feedback demo: sample answers are on the East London and Leeds desks.
Seeded HEARTS. Master: master@hearts.test / hearts-master
Access codes (also on the master desk, and in data/seed-codes-test.json):
  elm-teacher    ELM-U7W4-MRXT
  elm-admin      ELM-H7J4-P4CG
  elm-learner    ELM-38UP-WPXV
  elm-parent     ELM-3BYJ-3UCW
  leeds-teacher  LEEDS-UQC3-R6NQ
  leeds-learner  LEEDS-KGR3-FDT8

Running 1 test using 1 worker

(node:68143) Warning: The 'NO_COLOR' env is ignored due to the 'FORCE_COLOR' env being set.
(Use `node --trace-warnings ...` to show where the warning was created)


(node:68143) Warning: The 'NO_COLOR' env is ignored due to the 'FORCE_COLOR' env being set.
(Use `node --trace-warnings ...` to show where the warning was created)


[1/1] tests/e2e/round2-integration.spec.ts:69:1 › desks wear the evening garden: deep teal page and panels, gold buttons
  1 passed (1.1m)
EXIT:0 round2-integration.spec.ts try 2
===== round2-integration.spec.ts :: the library puts each course on the door :: try 1 =====

Running 1 test using 1 worker

(node:68438) Warning: The 'NO_COLOR' env is ignored due to the 'FORCE_COLOR' env being set.
(Use `node --trace-warnings ...` to show where the warning was created)


(node:68438) Warning: The 'NO_COLOR' env is ignored due to the 'FORCE_COLOR' env being set.
(Use `node --trace-warnings ...` to show where the warning was created)


[1/1] tests/e2e/round2-integration.spec.ts:118:1 › the library puts each course on the door its clips carry
  1 passed (22.8s)
EXIT:0 round2-integration.spec.ts try 1
===== round2-integration.spec.ts :: the library puts each course on the door :: try 2 =====
Wiped the Postgres database (dropped the public schema).
[06:27:02] [33mWARN[39m: [36mNo email adapter provided. Email will be written to console. More info at https://payloadcms.com/docs/email/overview.[39m
[06:27:02] [32mINFO[39m: [36mReading migration files from /workspace/hearts-prototype/src/migrations[39m
[06:27:02] [32mINFO[39m: [36mMigrating: 20261003_103330_initial[39m
[06:27:03] [32mINFO[39m: [36mMigrated:  20261003_103330_initial (925ms)[39m
[06:27:03] [32mINFO[39m: [36mMigrating: 20261003_124500_integration_part1[39m
[06:27:03] [32mINFO[39m: [36mMigrated:  20261003_124500_integration_part1 (136ms)[39m
[06:27:03] [32mINFO[39m: [36mMigrating: 20261003_131651_integration_part2[39m
[06:27:03] [32mINFO[39m: [36mMigrated:  20261003_131651_integration_part2 (35ms)[39m
[06:27:03] [32mINFO[39m: [36mMigrating: 20261003_140611_harvest[39m
[06:27:03] [32mINFO[39m: [36mMigrated:  20261003_140611_harvest (11ms)[39m
[06:27:03] [32mINFO[39m: [36mMigrating: 20261003_180616_jibril_doors[39m
[06:27:04] [32mINFO[39m: [36mMigrated:  20261003_180616_jibril_doors (12ms)[39m
[06:27:04] [32mINFO[39m: [36mMigrating: 20261003_194500_line_tidy[39m
[06:27:04] [32mINFO[39m: [36mMigrated:  20261003_194500_line_tidy (1ms)[39m
[06:27:04] [32mINFO[39m: [36mMigrating: 20261003_200853_integration_final[39m
[06:27:04] [32mINFO[39m: [36mMigrated:  20261003_200853_integration_final (33ms)[39m
[06:27:04] [32mINFO[39m: [36mMigrating: 20261003_220000_feedback[39m
[06:27:04] [32mINFO[39m: [36mMigrated:  20261003_220000_feedback (53ms)[39m
[06:27:04] [32mINFO[39m: [36mMigrating: 20261004_031500_gather[39m
[06:27:04] [32mINFO[39m: [36mMigrated:  20261004_031500_gather (74ms)[39m
[06:27:04] [32mINFO[39m: [36mMigrating: 20261004_060000_shorts[39m
[06:27:04] [32mINFO[39m: [36mMigrated:  20261004_060000_shorts (1ms)[39m
[06:27:04] [32mINFO[39m: [36mMigrating: 20261004_061000_portal_time_zone[39m
[06:27:04] [32mINFO[39m: [36mMigrated:  20261004_061000_portal_time_zone (1ms)[39m
[06:27:04] [32mINFO[39m: [36mMigrating: 20261004_080000_lesson_picture_flags[39m
[06:27:04] [32mINFO[39m: [36mMigrated:  20261004_080000_lesson_picture_flags (1ms)[39m
[06:27:04] [32mINFO[39m: [36mMigrating: 20261004_120000_compass_v2[39m
[06:27:04] [32mINFO[39m: [36mMigrated:  20261004_120000_compass_v2 (46ms)[39m
[06:27:04] [32mINFO[39m: [36mMigrating: 20261004_180000_gather_entry_code[39m
[06:27:04] [32mINFO[39m: [36mMigrated:  20261004_180000_gather_entry_code (1ms)[39m
[06:27:04] [32mINFO[39m: [36mMigrating: 20261004_210000_schedule_minutes[39m
[06:27:04] [32mINFO[39m: [36mMigrated:  20261004_210000_schedule_minutes (0ms)[39m
[06:27:04] [32mINFO[39m: [36mMigrating: 20261004_230000_portal_features[39m
[06:27:04] [32mINFO[39m: [36mMigrated:  20261004_230000_portal_features (0ms)[39m
[06:27:04] [32mINFO[39m: [36mMigrating: 20261005_010000_admin_ops[39m
[06:27:04] [32mINFO[39m: [36mMigrated:  20261005_010000_admin_ops (31ms)[39m
[06:27:04] [32mINFO[39m: [36mMigrating: 20261005_020000_trash[39m
[06:27:04] [32mINFO[39m: [36mMigrated:  20261005_020000_trash (19ms)[39m
Harvest: 172 verses and hadith across 31 talks. No quotation found in 5: Gratitude is the Greatest Blessing | Gems from Ibn Ata Illah Ep. 1 | Shaykh Mikaeel Ahmed Smith; How to Manage Your Anger - Amjad Tarsin; Moments of Solitude: Closeness to God | Jummah Khutbah | Imam Khalid Latif | 3.11.2022; On Mosques, Companionship, & Knowledge; Quranic Connection #26: A Cure for Anxiety | Shaykh Suleiman Hani.
Harvest sample: 4 lines kept for Maryam.
Feedback demo: sample answers are on the East London and Leeds desks.
Seeded HEARTS. Master: master@hearts.test / hearts-master
Access codes (also on the master desk, and in data/seed-codes-test.json):
  elm-teacher    ELM-JCUJ-BF4C
  elm-admin      ELM-PJBN-RQEJ
  elm-learner    ELM-9G7H-NVTD
  elm-parent     ELM-H88K-JXPY
  leeds-teacher  LEEDS-UDAR-3E4M
  leeds-learner  LEEDS-WQMD-WWER

Running 1 test using 1 worker

(node:68737) Warning: The 'NO_COLOR' env is ignored due to the 'FORCE_COLOR' env being set.
(Use `node --trace-warnings ...` to show where the warning was created)


(node:68737) Warning: The 'NO_COLOR' env is ignored due to the 'FORCE_COLOR' env being set.
(Use `node --trace-warnings ...` to show where the warning was created)


[1/1] tests/e2e/round2-integration.spec.ts:118:1 › the library puts each course on the door its clips carry
  1 passed (49.7s)
EXIT:0 round2-integration.spec.ts try 2
===== round3.spec.ts :: one account adds at most one trend row a week :: try 1 =====
Wiped the Postgres database (dropped the public schema).
[06:33:26] [33mWARN[39m: [36mNo email adapter provided. Email will be written to console. More info at https://payloadcms.com/docs/email/overview.[39m
[06:33:26] [32mINFO[39m: [36mReading migration files from /workspace/hearts-prototype/src/migrations[39m
[06:33:26] [32mINFO[39m: [36mMigrating: 20261003_103330_initial[39m
[06:33:27] [32mINFO[39m: [36mMigrated:  20261003_103330_initial (768ms)[39m
[06:33:27] [32mINFO[39m: [36mMigrating: 20261003_124500_integration_part1[39m
[06:33:27] [32mINFO[39m: [36mMigrated:  20261003_124500_integration_part1 (118ms)[39m
[06:33:27] [32mINFO[39m: [36mMigrating: 20261003_131651_integration_part2[39m
[06:33:27] [32mINFO[39m: [36mMigrated:  20261003_131651_integration_part2 (34ms)[39m
[06:33:27] [32mINFO[39m: [36mMigrating: 20261003_140611_harvest[39m
[06:33:27] [32mINFO[39m: [36mMigrated:  20261003_140611_harvest (21ms)[39m
[06:33:27] [32mINFO[39m: [36mMigrating: 20261003_180616_jibril_doors[39m
[06:33:27] [32mINFO[39m: [36mMigrated:  20261003_180616_jibril_doors (12ms)[39m
[06:33:27] [32mINFO[39m: [36mMigrating: 20261003_194500_line_tidy[39m
[06:33:27] [32mINFO[39m: [36mMigrated:  20261003_194500_line_tidy (2ms)[39m
[06:33:27] [32mINFO[39m: [36mMigrating: 20261003_200853_integration_final[39m
[06:33:27] [32mINFO[39m: [36mMigrated:  20261003_200853_integration_final (28ms)[39m
[06:33:27] [32mINFO[39m: [36mMigrating: 20261003_220000_feedback[39m
[06:33:27] [32mINFO[39m: [36mMigrated:  20261003_220000_feedback (30ms)[39m
[06:33:27] [32mINFO[39m: [36mMigrating: 20261004_031500_gather[39m
[06:33:27] [32mINFO[39m: [36mMigrated:  20261004_031500_gather (66ms)[39m
[06:33:27] [32mINFO[39m: [36mMigrating: 20261004_060000_shorts[39m
[06:33:27] [32mINFO[39m: [36mMigrated:  20261004_060000_shorts (2ms)[39m
[06:33:27] [32mINFO[39m: [36mMigrating: 20261004_061000_portal_time_zone[39m
[06:33:27] [32mINFO[39m: [36mMigrated:  20261004_061000_portal_time_zone (1ms)[39m
[06:33:27] [32mINFO[39m: [36mMigrating: 20261004_080000_lesson_picture_flags[39m
[06:33:27] [32mINFO[39m: [36mMigrated:  20261004_080000_lesson_picture_flags (3ms)[39m
[06:33:27] [32mINFO[39m: [36mMigrating: 20261004_120000_compass_v2[39m
[06:33:27] [32mINFO[39m: [36mMigrated:  20261004_120000_compass_v2 (30ms)[39m
[06:33:27] [32mINFO[39m: [36mMigrating: 20261004_180000_gather_entry_code[39m
[06:33:27] [32mINFO[39m: [36mMigrated:  20261004_180000_gather_entry_code (1ms)[39m
[06:33:27] [32mINFO[39m: [36mMigrating: 20261004_210000_schedule_minutes[39m
[06:33:27] [32mINFO[39m: [36mMigrated:  20261004_210000_schedule_minutes (1ms)[39m
[06:33:27] [32mINFO[39m: [36mMigrating: 20261004_230000_portal_features[39m
[06:33:27] [32mINFO[39m: [36mMigrated:  20261004_230000_portal_features (1ms)[39m
[06:33:27] [32mINFO[39m: [36mMigrating: 20261005_010000_admin_ops[39m
[06:33:27] [32mINFO[39m: [36mMigrated:  20261005_010000_admin_ops (30ms)[39m
[06:33:27] [32mINFO[39m: [36mMigrating: 20261005_020000_trash[39m
[06:33:27] [32mINFO[39m: [36mMigrated:  20261005_020000_trash (22ms)[39m
Harvest: 172 verses and hadith across 31 talks. No quotation found in 5: Gratitude is the Greatest Blessing | Gems from Ibn Ata Illah Ep. 1 | Shaykh Mikaeel Ahmed Smith; How to Manage Your Anger - Amjad Tarsin; Moments of Solitude: Closeness to God | Jummah Khutbah | Imam Khalid Latif | 3.11.2022; On Mosques, Companionship, & Knowledge; Quranic Connection #26: A Cure for Anxiety | Shaykh Suleiman Hani.
Harvest sample: 4 lines kept for Maryam.
Feedback demo: sample answers are on the East London and Leeds desks.
Seeded HEARTS. Master: master@hearts.test / hearts-master
Access codes (also on the master desk, and in data/seed-codes-test.json):
  elm-teacher    ELM-M3YW-UMEK
  elm-admin      ELM-BDFT-4WYH
  elm-learner    ELM-78FN-9HFF
  elm-parent     ELM-T9RF-NNQP
  leeds-teacher  LEEDS-39E7-P7BW
  leeds-learner  LEEDS-DWVM-XM9G

Running 1 test using 1 worker

(node:69178) Warning: The 'NO_COLOR' env is ignored due to the 'FORCE_COLOR' env being set.
(Use `node --trace-warnings ...` to show where the warning was created)


(node:69178) Warning: The 'NO_COLOR' env is ignored due to the 'FORCE_COLOR' env being set.
(Use `node --trace-warnings ...` to show where the warning was created)


[1/1] tests/e2e/round3.spec.ts:52:3 › round 3 API › Bug 1: one account adds at most one trend row a week, whatever nonce it sends
  1 passed (42.9s)
EXIT:0 round3.spec.ts try 1
===== round3.spec.ts :: one account adds at most one trend row a week :: try 2 =====
Wiped the Postgres database (dropped the public schema).
[06:34:07] [33mWARN[39m: [36mNo email adapter provided. Email will be written to console. More info at https://payloadcms.com/docs/email/overview.[39m
[06:34:07] [32mINFO[39m: [36mReading migration files from /workspace/hearts-prototype/src/migrations[39m
[06:34:08] [32mINFO[39m: [36mMigrating: 20261003_103330_initial[39m
[06:34:08] [32mINFO[39m: [36mMigrated:  20261003_103330_initial (730ms)[39m
[06:34:08] [32mINFO[39m: [36mMigrating: 20261003_124500_integration_part1[39m
[06:34:08] [32mINFO[39m: [36mMigrated:  20261003_124500_integration_part1 (182ms)[39m
[06:34:09] [32mINFO[39m: [36mMigrating: 20261003_131651_integration_part2[39m
[06:34:09] [32mINFO[39m: [36mMigrated:  20261003_131651_integration_part2 (52ms)[39m
[06:34:09] [32mINFO[39m: [36mMigrating: 20261003_140611_harvest[39m
[06:34:09] [32mINFO[39m: [36mMigrated:  20261003_140611_harvest (16ms)[39m
[06:34:09] [32mINFO[39m: [36mMigrating: 20261003_180616_jibril_doors[39m
[06:34:09] [32mINFO[39m: [36mMigrated:  20261003_180616_jibril_doors (10ms)[39m
[06:34:09] [32mINFO[39m: [36mMigrating: 20261003_194500_line_tidy[39m
[06:34:09] [32mINFO[39m: [36mMigrated:  20261003_194500_line_tidy (9ms)[39m
[06:34:09] [32mINFO[39m: [36mMigrating: 20261003_200853_integration_final[39m
[06:34:09] [32mINFO[39m: [36mMigrated:  20261003_200853_integration_final (30ms)[39m
[06:34:09] [32mINFO[39m: [36mMigrating: 20261003_220000_feedback[39m
[06:34:09] [32mINFO[39m: [36mMigrated:  20261003_220000_feedback (34ms)[39m
[06:34:09] [32mINFO[39m: [36mMigrating: 20261004_031500_gather[39m
[06:34:09] [32mINFO[39m: [36mMigrated:  20261004_031500_gather (55ms)[39m
[06:34:09] [32mINFO[39m: [36mMigrating: 20261004_060000_shorts[39m
[06:34:09] [32mINFO[39m: [36mMigrated:  20261004_060000_shorts (2ms)[39m
[06:34:09] [32mINFO[39m: [36mMigrating: 20261004_061000_portal_time_zone[39m
[06:34:09] [32mINFO[39m: [36mMigrated:  20261004_061000_portal_time_zone (1ms)[39m
[06:34:09] [32mINFO[39m: [36mMigrating: 20261004_080000_lesson_picture_flags[39m
[06:34:09] [32mINFO[39m: [36mMigrated:  20261004_080000_lesson_picture_flags (2ms)[39m
[06:34:09] [32mINFO[39m: [36mMigrating: 20261004_120000_compass_v2[39m
[06:34:09] [32mINFO[39m: [36mMigrated:  20261004_120000_compass_v2 (44ms)[39m
[06:34:09] [32mINFO[39m: [36mMigrating: 20261004_180000_gather_entry_code[39m
[06:34:09] [32mINFO[39m: [36mMigrated:  20261004_180000_gather_entry_code (1ms)[39m
[06:34:09] [32mINFO[39m: [36mMigrating: 20261004_210000_schedule_minutes[39m
[06:34:09] [32mINFO[39m: [36mMigrated:  20261004_210000_schedule_minutes (0ms)[39m
[06:34:09] [32mINFO[39m: [36mMigrating: 20261004_230000_portal_features[39m
[06:34:09] [32mINFO[39m: [36mMigrated:  20261004_230000_portal_features (1ms)[39m
[06:34:09] [32mINFO[39m: [36mMigrating: 20261005_010000_admin_ops[39m
[06:34:09] [32mINFO[39m: [36mMigrated:  20261005_010000_admin_ops (18ms)[39m
[06:34:09] [32mINFO[39m: [36mMigrating: 20261005_020000_trash[39m
[06:34:09] [32mINFO[39m: [36mMigrated:  20261005_020000_trash (12ms)[39m
Harvest: 172 verses and hadith across 31 talks. No quotation found in 5: Gratitude is the Greatest Blessing | Gems from Ibn Ata Illah Ep. 1 | Shaykh Mikaeel Ahmed Smith; How to Manage Your Anger - Amjad Tarsin; Moments of Solitude: Closeness to God | Jummah Khutbah | Imam Khalid Latif | 3.11.2022; On Mosques, Companionship, & Knowledge; Quranic Connection #26: A Cure for Anxiety | Shaykh Suleiman Hani.
Harvest sample: 4 lines kept for Maryam.
Feedback demo: sample answers are on the East London and Leeds desks.
Seeded HEARTS. Master: master@hearts.test / hearts-master
Access codes (also on the master desk, and in data/seed-codes-test.json):
  elm-teacher    ELM-8TRY-PP9P
  elm-admin      ELM-6PNE-DTQ3
  elm-learner    ELM-QHUN-KXFH
  elm-parent     ELM-N9HX-QNW4
  leeds-teacher  LEEDS-3E3Y-QUNK
  leeds-learner  LEEDS-QDRF-U7PM

Running 1 test using 1 worker

(node:69379) Warning: The 'NO_COLOR' env is ignored due to the 'FORCE_COLOR' env being set.
(Use `node --trace-warnings ...` to show where the warning was created)


(node:69379) Warning: The 'NO_COLOR' env is ignored due to the 'FORCE_COLOR' env being set.
(Use `node --trace-warnings ...` to show where the warning was created)


[1/1] tests/e2e/round3.spec.ts:52:3 › round 3 API › Bug 1: one account adds at most one trend row a week, whatever nonce it sends
  1 passed (39.0s)
EXIT:0 round3.spec.ts try 2
===== round4.spec.ts :: the tier record is what learners get for lessons 1 to 3 :: try 1 =====
Wiped the Postgres database (dropped the public schema).
[06:34:48] [33mWARN[39m: [36mNo email adapter provided. Email will be written to console. More info at https://payloadcms.com/docs/email/overview.[39m
[06:34:48] [32mINFO[39m: [36mReading migration files from /workspace/hearts-prototype/src/migrations[39m
[06:34:48] [32mINFO[39m: [36mMigrating: 20261003_103330_initial[39m
[06:34:48] [32mINFO[39m: [36mMigrated:  20261003_103330_initial (699ms)[39m
[06:34:48] [32mINFO[39m: [36mMigrating: 20261003_124500_integration_part1[39m
[06:34:49] [32mINFO[39m: [36mMigrated:  20261003_124500_integration_part1 (128ms)[39m
[06:34:49] [32mINFO[39m: [36mMigrating: 20261003_131651_integration_part2[39m
[06:34:49] [32mINFO[39m: [36mMigrated:  20261003_131651_integration_part2 (30ms)[39m
[06:34:49] [32mINFO[39m: [36mMigrating: 20261003_140611_harvest[39m
[06:34:49] [32mINFO[39m: [36mMigrated:  20261003_140611_harvest (10ms)[39m
[06:34:49] [32mINFO[39m: [36mMigrating: 20261003_180616_jibril_doors[39m
[06:34:49] [32mINFO[39m: [36mMigrated:  20261003_180616_jibril_doors (10ms)[39m
[06:34:49] [32mINFO[39m: [36mMigrating: 20261003_194500_line_tidy[39m
[06:34:49] [32mINFO[39m: [36mMigrated:  20261003_194500_line_tidy (0ms)[39m
[06:34:49] [32mINFO[39m: [36mMigrating: 20261003_200853_integration_final[39m
[06:34:49] [32mINFO[39m: [36mMigrated:  20261003_200853_integration_final (23ms)[39m
[06:34:49] [32mINFO[39m: [36mMigrating: 20261003_220000_feedback[39m
[06:34:49] [32mINFO[39m: [36mMigrated:  20261003_220000_feedback (24ms)[39m
[06:34:49] [32mINFO[39m: [36mMigrating: 20261004_031500_gather[39m
[06:34:49] [32mINFO[39m: [36mMigrated:  20261004_031500_gather (76ms)[39m
[06:34:49] [32mINFO[39m: [36mMigrating: 20261004_060000_shorts[39m
[06:34:49] [32mINFO[39m: [36mMigrated:  20261004_060000_shorts (2ms)[39m
[06:34:49] [32mINFO[39m: [36mMigrating: 20261004_061000_portal_time_zone[39m
[06:34:49] [32mINFO[39m: [36mMigrated:  20261004_061000_portal_time_zone (1ms)[39m
[06:34:49] [32mINFO[39m: [36mMigrating: 20261004_080000_lesson_picture_flags[39m
[06:34:49] [32mINFO[39m: [36mMigrated:  20261004_080000_lesson_picture_flags (1ms)[39m
[06:34:49] [32mINFO[39m: [36mMigrating: 20261004_120000_compass_v2[39m
[06:34:49] [32mINFO[39m: [36mMigrated:  20261004_120000_compass_v2 (36ms)[39m
[06:34:49] [32mINFO[39m: [36mMigrating: 20261004_180000_gather_entry_code[39m
[06:34:49] [32mINFO[39m: [36mMigrated:  20261004_180000_gather_entry_code (2ms)[39m
[06:34:49] [32mINFO[39m: [36mMigrating: 20261004_210000_schedule_minutes[39m
[06:34:49] [32mINFO[39m: [36mMigrated:  20261004_210000_schedule_minutes (1ms)[39m
[06:34:49] [32mINFO[39m: [36mMigrating: 20261004_230000_portal_features[39m
[06:34:49] [32mINFO[39m: [36mMigrated:  20261004_230000_portal_features (1ms)[39m
[06:34:49] [32mINFO[39m: [36mMigrating: 20261005_010000_admin_ops[39m
[06:34:49] [32mINFO[39m: [36mMigrated:  20261005_010000_admin_ops (29ms)[39m
[06:34:49] [32mINFO[39m: [36mMigrating: 20261005_020000_trash[39m
[06:34:49] [32mINFO[39m: [36mMigrated:  20261005_020000_trash (18ms)[39m
Harvest: 172 verses and hadith across 31 talks. No quotation found in 5: Gratitude is the Greatest Blessing | Gems from Ibn Ata Illah Ep. 1 | Shaykh Mikaeel Ahmed Smith; How to Manage Your Anger - Amjad Tarsin; Moments of Solitude: Closeness to God | Jummah Khutbah | Imam Khalid Latif | 3.11.2022; On Mosques, Companionship, & Knowledge; Quranic Connection #26: A Cure for Anxiety | Shaykh Suleiman Hani.
Harvest sample: 4 lines kept for Maryam.
Feedback demo: sample answers are on the East London and Leeds desks.
Seeded HEARTS. Master: master@hearts.test / hearts-master
Access codes (also on the master desk, and in data/seed-codes-test.json):
  elm-teacher    ELM-PDMU-PXEM
  elm-admin      ELM-PDGB-G3A8
  elm-learner    ELM-7WVH-FKVW
  elm-parent     ELM-FGC8-THMT
  leeds-teacher  LEEDS-8ERM-FEQM
  leeds-learner  LEEDS-9UX3-JV8P

Running 1 test using 1 worker

(node:69580) Warning: The 'NO_COLOR' env is ignored due to the 'FORCE_COLOR' env being set.
(Use `node --trace-warnings ...` to show where the warning was created)


(node:69580) Warning: The 'NO_COLOR' env is ignored due to the 'FORCE_COLOR' env being set.
(Use `node --trace-warnings ...` to show where the warning was created)


[1/1] tests/e2e/round4.spec.ts:64:3 › round 4 API › N4: the tier record is what learners get for lessons 1 to 3, one clip per talk, and an edit reaches them at once
  1 passed (39.5s)
EXIT:0 round4.spec.ts try 1
===== round4.spec.ts :: the tier record is what learners get for lessons 1 to 3 :: try 2 =====
Wiped the Postgres database (dropped the public schema).
[06:35:27] [33mWARN[39m: [36mNo email adapter provided. Email will be written to console. More info at https://payloadcms.com/docs/email/overview.[39m
[06:35:27] [32mINFO[39m: [36mReading migration files from /workspace/hearts-prototype/src/migrations[39m
[06:35:27] [32mINFO[39m: [36mMigrating: 20261003_103330_initial[39m
[06:35:28] [32mINFO[39m: [36mMigrated:  20261003_103330_initial (880ms)[39m
[06:35:28] [32mINFO[39m: [36mMigrating: 20261003_124500_integration_part1[39m
[06:35:28] [32mINFO[39m: [36mMigrated:  20261003_124500_integration_part1 (125ms)[39m
[06:35:28] [32mINFO[39m: [36mMigrating: 20261003_131651_integration_part2[39m
[06:35:28] [32mINFO[39m: [36mMigrated:  20261003_131651_integration_part2 (35ms)[39m
[06:35:28] [32mINFO[39m: [36mMigrating: 20261003_140611_harvest[39m
[06:35:28] [32mINFO[39m: [36mMigrated:  20261003_140611_harvest (19ms)[39m
[06:35:28] [32mINFO[39m: [36mMigrating: 20261003_180616_jibril_doors[39m
[06:35:28] [32mINFO[39m: [36mMigrated:  20261003_180616_jibril_doors (25ms)[39m
[06:35:28] [32mINFO[39m: [36mMigrating: 20261003_194500_line_tidy[39m
[06:35:28] [32mINFO[39m: [36mMigrated:  20261003_194500_line_tidy (1ms)[39m
[06:35:28] [32mINFO[39m: [36mMigrating: 20261003_200853_integration_final[39m
[06:35:29] [32mINFO[39m: [36mMigrated:  20261003_200853_integration_final (44ms)[39m
[06:35:29] [32mINFO[39m: [36mMigrating: 20261003_220000_feedback[39m
[06:35:29] [32mINFO[39m: [36mMigrated:  20261003_220000_feedback (36ms)[39m
[06:35:29] [32mINFO[39m: [36mMigrating: 20261004_031500_gather[39m
[06:35:29] [32mINFO[39m: [36mMigrated:  20261004_031500_gather (50ms)[39m
[06:35:29] [32mINFO[39m: [36mMigrating: 20261004_060000_shorts[39m
[06:35:29] [32mINFO[39m: [36mMigrated:  20261004_060000_shorts (2ms)[39m
[06:35:29] [32mINFO[39m: [36mMigrating: 20261004_061000_portal_time_zone[39m
[06:35:29] [32mINFO[39m: [36mMigrated:  20261004_061000_portal_time_zone (2ms)[39m
[06:35:29] [32mINFO[39m: [36mMigrating: 20261004_080000_lesson_picture_flags[39m
[06:35:29] [32mINFO[39m: [36mMigrated:  20261004_080000_lesson_picture_flags (2ms)[39m
[06:35:29] [32mINFO[39m: [36mMigrating: 20261004_120000_compass_v2[39m
[06:35:29] [32mINFO[39m: [36mMigrated:  20261004_120000_compass_v2 (37ms)[39m
[06:35:29] [32mINFO[39m: [36mMigrating: 20261004_180000_gather_entry_code[39m
[06:35:29] [32mINFO[39m: [36mMigrated:  20261004_180000_gather_entry_code (2ms)[39m
[06:35:29] [32mINFO[39m: [36mMigrating: 20261004_210000_schedule_minutes[39m
[06:35:29] [32mINFO[39m: [36mMigrated:  20261004_210000_schedule_minutes (4ms)[39m
[06:35:29] [32mINFO[39m: [36mMigrating: 20261004_230000_portal_features[39m
[06:35:29] [32mINFO[39m: [36mMigrated:  20261004_230000_portal_features (1ms)[39m
[06:35:29] [32mINFO[39m: [36mMigrating: 20261005_010000_admin_ops[39m
[06:35:29] [32mINFO[39m: [36mMigrated:  20261005_010000_admin_ops (42ms)[39m
[06:35:29] [32mINFO[39m: [36mMigrating: 20261005_020000_trash[39m
[06:35:29] [32mINFO[39m: [36mMigrated:  20261005_020000_trash (20ms)[39m
Harvest: 172 verses and hadith across 31 talks. No quotation found in 5: Gratitude is the Greatest Blessing | Gems from Ibn Ata Illah Ep. 1 | Shaykh Mikaeel Ahmed Smith; How to Manage Your Anger - Amjad Tarsin; Moments of Solitude: Closeness to God | Jummah Khutbah | Imam Khalid Latif | 3.11.2022; On Mosques, Companionship, & Knowledge; Quranic Connection #26: A Cure for Anxiety | Shaykh Suleiman Hani.
Harvest sample: 4 lines kept for Maryam.
Feedback demo: sample answers are on the East London and Leeds desks.
Seeded HEARTS. Master: master@hearts.test / hearts-master
Access codes (also on the master desk, and in data/seed-codes-test.json):
  elm-teacher    ELM-YYF9-Y6DE
  elm-admin      ELM-BQ94-WWKM
  elm-learner    ELM-WUA6-GME4
  elm-parent     ELM-CJ33-VM6Y
  leeds-teacher  LEEDS-F6CN-36WU
  leeds-learner  LEEDS-J68T-6HUE

Running 1 test using 1 worker

(node:69783) Warning: The 'NO_COLOR' env is ignored due to the 'FORCE_COLOR' env being set.
(Use `node --trace-warnings ...` to show where the warning was created)


(node:69783) Warning: The 'NO_COLOR' env is ignored due to the 'FORCE_COLOR' env being set.
(Use `node --trace-warnings ...` to show where the warning was created)


[1/1] tests/e2e/round4.spec.ts:64:3 › round 4 API › N4: the tier record is what learners get for lessons 1 to 3, one clip per talk, and an edit reaches them at once
  1 passed (37.9s)
EXIT:0 round4.spec.ts try 2
===== screenshots.spec.ts :: learner app at phone size :: try 1 =====
Wiped the Postgres database (dropped the public schema).
[06:36:06] [33mWARN[39m: [36mNo email adapter provided. Email will be written to console. More info at https://payloadcms.com/docs/email/overview.[39m
[06:36:06] [32mINFO[39m: [36mReading migration files from /workspace/hearts-prototype/src/migrations[39m
[06:36:06] [32mINFO[39m: [36mMigrating: 20261003_103330_initial[39m
[06:36:07] [32mINFO[39m: [36mMigrated:  20261003_103330_initial (688ms)[39m
[06:36:07] [32mINFO[39m: [36mMigrating: 20261003_124500_integration_part1[39m
[06:36:07] [32mINFO[39m: [36mMigrated:  20261003_124500_integration_part1 (104ms)[39m
[06:36:07] [32mINFO[39m: [36mMigrating: 20261003_131651_integration_part2[39m
[06:36:07] [32mINFO[39m: [36mMigrated:  20261003_131651_integration_part2 (30ms)[39m
[06:36:07] [32mINFO[39m: [36mMigrating: 20261003_140611_harvest[39m
[06:36:07] [32mINFO[39m: [36mMigrated:  20261003_140611_harvest (9ms)[39m
[06:36:07] [32mINFO[39m: [36mMigrating: 20261003_180616_jibril_doors[39m
[06:36:07] [32mINFO[39m: [36mMigrated:  20261003_180616_jibril_doors (11ms)[39m
[06:36:07] [32mINFO[39m: [36mMigrating: 20261003_194500_line_tidy[39m
[06:36:07] [32mINFO[39m: [36mMigrated:  20261003_194500_line_tidy (2ms)[39m
[06:36:07] [32mINFO[39m: [36mMigrating: 20261003_200853_integration_final[39m
[06:36:07] [32mINFO[39m: [36mMigrated:  20261003_200853_integration_final (25ms)[39m
[06:36:07] [32mINFO[39m: [36mMigrating: 20261003_220000_feedback[39m
[06:36:07] [32mINFO[39m: [36mMigrated:  20261003_220000_feedback (30ms)[39m
[06:36:07] [32mINFO[39m: [36mMigrating: 20261004_031500_gather[39m
[06:36:07] [32mINFO[39m: [36mMigrated:  20261004_031500_gather (58ms)[39m
[06:36:07] [32mINFO[39m: [36mMigrating: 20261004_060000_shorts[39m
[06:36:07] [32mINFO[39m: [36mMigrated:  20261004_060000_shorts (2ms)[39m
[06:36:07] [32mINFO[39m: [36mMigrating: 20261004_061000_portal_time_zone[39m
[06:36:07] [32mINFO[39m: [36mMigrated:  20261004_061000_portal_time_zone (1ms)[39m
[06:36:07] [32mINFO[39m: [36mMigrating: 20261004_080000_lesson_picture_flags[39m
[06:36:07] [32mINFO[39m: [36mMigrated:  20261004_080000_lesson_picture_flags (1ms)[39m
[06:36:07] [32mINFO[39m: [36mMigrating: 20261004_120000_compass_v2[39m
[06:36:07] [32mINFO[39m: [36mMigrated:  20261004_120000_compass_v2 (21ms)[39m
[06:36:07] [32mINFO[39m: [36mMigrating: 20261004_180000_gather_entry_code[39m
[06:36:07] [32mINFO[39m: [36mMigrated:  20261004_180000_gather_entry_code (1ms)[39m
[06:36:07] [32mINFO[39m: [36mMigrating: 20261004_210000_schedule_minutes[39m
[06:36:07] [32mINFO[39m: [36mMigrated:  20261004_210000_schedule_minutes (1ms)[39m
[06:36:07] [32mINFO[39m: [36mMigrating: 20261004_230000_portal_features[39m
[06:36:07] [32mINFO[39m: [36mMigrated:  20261004_230000_portal_features (0ms)[39m
[06:36:07] [32mINFO[39m: [36mMigrating: 20261005_010000_admin_ops[39m
[06:36:07] [32mINFO[39m: [36mMigrated:  20261005_010000_admin_ops (27ms)[39m
[06:36:07] [32mINFO[39m: [36mMigrating: 20261005_020000_trash[39m
[06:36:07] [32mINFO[39m: [36mMigrated:  20261005_020000_trash (13ms)[39m
Harvest: 172 verses and hadith across 31 talks. No quotation found in 5: Gratitude is the Greatest Blessing | Gems from Ibn Ata Illah Ep. 1 | Shaykh Mikaeel Ahmed Smith; How to Manage Your Anger - Amjad Tarsin; Moments of Solitude: Closeness to God | Jummah Khutbah | Imam Khalid Latif | 3.11.2022; On Mosques, Companionship, & Knowledge; Quranic Connection #26: A Cure for Anxiety | Shaykh Suleiman Hani.
Harvest sample: 4 lines kept for Maryam.
Feedback demo: sample answers are on the East London and Leeds desks.
Seeded HEARTS. Master: master@hearts.test / hearts-master
Access codes (also on the master desk, and in data/seed-codes-test.json):
  elm-teacher    ELM-NAPE-WB6C
  elm-admin      ELM-6BRB-6JRH
  elm-learner    ELM-7MCQ-UJF7
  elm-parent     ELM-XAX4-9FPV
  leeds-teacher  LEEDS-M8F4-CQ6Y
  leeds-learner  LEEDS-X4A4-FHHC

Running 1 test using 1 worker

(node:69985) Warning: The 'NO_COLOR' env is ignored due to the 'FORCE_COLOR' env being set.
(Use `node --trace-warnings ...` to show where the warning was created)


(node:69985) Warning: The 'NO_COLOR' env is ignored due to the 'FORCE_COLOR' env being set.
(Use `node --trace-warnings ...` to show where the warning was created)


[1/1] tests/e2e/screenshots.spec.ts:56:1 › learner app at phone size
[WebServer] (node:69890) DeprecationWarning: Calling client.query() when the client is already executing a query is deprecated and will be removed in pg@9.0. Use async/await or an external async flow control mechanism instead.
[WebServer] (Use `node --trace-deprecation ...` to show where the warning was created)

  1 passed (1.5m)
EXIT:0 screenshots.spec.ts try 1
===== screenshots.spec.ts :: learner app at phone size :: try 2 =====
Wiped the Postgres database (dropped the public schema).
[06:37:39] [33mWARN[39m: [36mNo email adapter provided. Email will be written to console. More info at https://payloadcms.com/docs/email/overview.[39m
[06:37:39] [32mINFO[39m: [36mReading migration files from /workspace/hearts-prototype/src/migrations[39m
[06:37:39] [32mINFO[39m: [36mMigrating: 20261003_103330_initial[39m
[06:37:40] [32mINFO[39m: [36mMigrated:  20261003_103330_initial (761ms)[39m
[06:37:40] [32mINFO[39m: [36mMigrating: 20261003_124500_integration_part1[39m
[06:37:40] [32mINFO[39m: [36mMigrated:  20261003_124500_integration_part1 (137ms)[39m
[06:37:40] [32mINFO[39m: [36mMigrating: 20261003_131651_integration_part2[39m
[06:37:40] [32mINFO[39m: [36mMigrated:  20261003_131651_integration_part2 (48ms)[39m
[06:37:40] [32mINFO[39m: [36mMigrating: 20261003_140611_harvest[39m
[06:37:40] [32mINFO[39m: [36mMigrated:  20261003_140611_harvest (10ms)[39m
[06:37:40] [32mINFO[39m: [36mMigrating: 20261003_180616_jibril_doors[39m
[06:37:40] [32mINFO[39m: [36mMigrated:  20261003_180616_jibril_doors (16ms)[39m
[06:37:40] [32mINFO[39m: [36mMigrating: 20261003_194500_line_tidy[39m
[06:37:40] [32mINFO[39m: [36mMigrated:  20261003_194500_line_tidy (1ms)[39m
[06:37:40] [32mINFO[39m: [36mMigrating: 20261003_200853_integration_final[39m
[06:37:41] [32mINFO[39m: [36mMigrated:  20261003_200853_integration_final (42ms)[39m
[06:37:41] [32mINFO[39m: [36mMigrating: 20261003_220000_feedback[39m
[06:37:41] [32mINFO[39m: [36mMigrated:  20261003_220000_feedback (30ms)[39m
[06:37:41] [32mINFO[39m: [36mMigrating: 20261004_031500_gather[39m
[06:37:41] [32mINFO[39m: [36mMigrated:  20261004_031500_gather (58ms)[39m
[06:37:41] [32mINFO[39m: [36mMigrating: 20261004_060000_shorts[39m
[06:37:41] [32mINFO[39m: [36mMigrated:  20261004_060000_shorts (2ms)[39m
[06:37:41] [32mINFO[39m: [36mMigrating: 20261004_061000_portal_time_zone[39m
[06:37:41] [32mINFO[39m: [36mMigrated:  20261004_061000_portal_time_zone (1ms)[39m
[06:37:41] [32mINFO[39m: [36mMigrating: 20261004_080000_lesson_picture_flags[39m
[06:37:41] [32mINFO[39m: [36mMigrated:  20261004_080000_lesson_picture_flags (1ms)[39m
[06:37:41] [32mINFO[39m: [36mMigrating: 20261004_120000_compass_v2[39m
[06:37:41] [32mINFO[39m: [36mMigrated:  20261004_120000_compass_v2 (28ms)[39m
[06:37:41] [32mINFO[39m: [36mMigrating: 20261004_180000_gather_entry_code[39m
[06:37:41] [32mINFO[39m: [36mMigrated:  20261004_180000_gather_entry_code (1ms)[39m
[06:37:41] [32mINFO[39m: [36mMigrating: 20261004_210000_schedule_minutes[39m
[06:37:41] [32mINFO[39m: [36mMigrated:  20261004_210000_schedule_minutes (1ms)[39m
[06:37:41] [32mINFO[39m: [36mMigrating: 20261004_230000_portal_features[39m
[06:37:41] [32mINFO[39m: [36mMigrated:  20261004_230000_portal_features (1ms)[39m
[06:37:41] [32mINFO[39m: [36mMigrating: 20261005_010000_admin_ops[39m
[06:37:41] [32mINFO[39m: [36mMigrated:  20261005_010000_admin_ops (20ms)[39m
[06:37:41] [32mINFO[39m: [36mMigrating: 20261005_020000_trash[39m
[06:37:41] [32mINFO[39m: [36mMigrated:  20261005_020000_trash (12ms)[39m
Harvest: 172 verses and hadith across 31 talks. No quotation found in 5: Gratitude is the Greatest Blessing | Gems from Ibn Ata Illah Ep. 1 | Shaykh Mikaeel Ahmed Smith; How to Manage Your Anger - Amjad Tarsin; Moments of Solitude: Closeness to God | Jummah Khutbah | Imam Khalid Latif | 3.11.2022; On Mosques, Companionship, & Knowledge; Quranic Connection #26: A Cure for Anxiety | Shaykh Suleiman Hani.
Harvest sample: 4 lines kept for Maryam.
Feedback demo: sample answers are on the East London and Leeds desks.
Seeded HEARTS. Master: master@hearts.test / hearts-master
Access codes (also on the master desk, and in data/seed-codes-test.json):
  elm-teacher    ELM-D4HG-M8DG
  elm-admin      ELM-JVB9-AURQ
  elm-learner    ELM-KXTH-CYQH
  elm-parent     ELM-36BU-VVV6
  leeds-teacher  LEEDS-D9VG-MWFT
  leeds-learner  LEEDS-ETWR-BFCH

Running 1 test using 1 worker

(node:70432) Warning: The 'NO_COLOR' env is ignored due to the 'FORCE_COLOR' env being set.
(Use `node --trace-warnings ...` to show where the warning was created)


(node:70432) Warning: The 'NO_COLOR' env is ignored due to the 'FORCE_COLOR' env being set.
(Use `node --trace-warnings ...` to show where the warning was created)


[1/1] tests/e2e/screenshots.spec.ts:56:1 › learner app at phone size
[WebServer] (node:70336) DeprecationWarning: Calling client.query() when the client is already executing a query is deprecated and will be removed in pg@9.0. Use async/await or an external async flow control mechanism instead.
[WebServer] (Use `node --trace-deprecation ...` to show where the warning was created)

  1 passed (1.4m)
EXIT:0 screenshots.spec.ts try 2
===== screenshots.spec.ts :: portal desk at desktop size :: try 1 =====
Wiped the Postgres database (dropped the public schema).
[06:39:06] [33mWARN[39m: [36mNo email adapter provided. Email will be written to console. More info at https://payloadcms.com/docs/email/overview.[39m
[06:39:06] [32mINFO[39m: [36mReading migration files from /workspace/hearts-prototype/src/migrations[39m
[06:39:07] [32mINFO[39m: [36mMigrating: 20261003_103330_initial[39m
[06:39:07] [32mINFO[39m: [36mMigrated:  20261003_103330_initial (770ms)[39m
[06:39:07] [32mINFO[39m: [36mMigrating: 20261003_124500_integration_part1[39m
[06:39:07] [32mINFO[39m: [36mMigrated:  20261003_124500_integration_part1 (114ms)[39m
[06:39:07] [32mINFO[39m: [36mMigrating: 20261003_131651_integration_part2[39m
[06:39:07] [32mINFO[39m: [36mMigrated:  20261003_131651_integration_part2 (31ms)[39m
[06:39:07] [32mINFO[39m: [36mMigrating: 20261003_140611_harvest[39m
[06:39:07] [32mINFO[39m: [36mMigrated:  20261003_140611_harvest (8ms)[39m
[06:39:07] [32mINFO[39m: [36mMigrating: 20261003_180616_jibril_doors[39m
[06:39:07] [32mINFO[39m: [36mMigrated:  20261003_180616_jibril_doors (12ms)[39m
[06:39:07] [32mINFO[39m: [36mMigrating: 20261003_194500_line_tidy[39m
[06:39:07] [32mINFO[39m: [36mMigrated:  20261003_194500_line_tidy (1ms)[39m
[06:39:07] [32mINFO[39m: [36mMigrating: 20261003_200853_integration_final[39m
[06:39:08] [32mINFO[39m: [36mMigrated:  20261003_200853_integration_final (34ms)[39m
[06:39:08] [32mINFO[39m: [36mMigrating: 20261003_220000_feedback[39m
[06:39:08] [32mINFO[39m: [36mMigrated:  20261003_220000_feedback (34ms)[39m
[06:39:08] [32mINFO[39m: [36mMigrating: 20261004_031500_gather[39m
[06:39:08] [32mINFO[39m: [36mMigrated:  20261004_031500_gather (52ms)[39m
[06:39:08] [32mINFO[39m: [36mMigrating: 20261004_060000_shorts[39m
[06:39:08] [32mINFO[39m: [36mMigrated:  20261004_060000_shorts (1ms)[39m
[06:39:08] [32mINFO[39m: [36mMigrating: 20261004_061000_portal_time_zone[39m
[06:39:08] [32mINFO[39m: [36mMigrated:  20261004_061000_portal_time_zone (1ms)[39m
[06:39:08] [32mINFO[39m: [36mMigrating: 20261004_080000_lesson_picture_flags[39m
[06:39:08] [32mINFO[39m: [36mMigrated:  20261004_080000_lesson_picture_flags (3ms)[39m
[06:39:08] [32mINFO[39m: [36mMigrating: 20261004_120000_compass_v2[39m
[06:39:08] [32mINFO[39m: [36mMigrated:  20261004_120000_compass_v2 (29ms)[39m
[06:39:08] [32mINFO[39m: [36mMigrating: 20261004_180000_gather_entry_code[39m
[06:39:08] [32mINFO[39m: [36mMigrated:  20261004_180000_gather_entry_code (2ms)[39m
[06:39:08] [32mINFO[39m: [36mMigrating: 20261004_210000_schedule_minutes[39m
[06:39:08] [32mINFO[39m: [36mMigrated:  20261004_210000_schedule_minutes (2ms)[39m
[06:39:08] [32mINFO[39m: [36mMigrating: 20261004_230000_portal_features[39m
[06:39:08] [32mINFO[39m: [36mMigrated:  20261004_230000_portal_features (1ms)[39m
[06:39:08] [32mINFO[39m: [36mMigrating: 20261005_010000_admin_ops[39m
[06:39:08] [32mINFO[39m: [36mMigrated:  20261005_010000_admin_ops (37ms)[39m
[06:39:08] [32mINFO[39m: [36mMigrating: 20261005_020000_trash[39m
[06:39:08] [32mINFO[39m: [36mMigrated:  20261005_020000_trash (19ms)[39m
Harvest: 172 verses and hadith across 31 talks. No quotation found in 5: Gratitude is the Greatest Blessing | Gems from Ibn Ata Illah Ep. 1 | Shaykh Mikaeel Ahmed Smith; How to Manage Your Anger - Amjad Tarsin; Moments of Solitude: Closeness to God | Jummah Khutbah | Imam Khalid Latif | 3.11.2022; On Mosques, Companionship, & Knowledge; Quranic Connection #26: A Cure for Anxiety | Shaykh Suleiman Hani.
Harvest sample: 4 lines kept for Maryam.
Feedback demo: sample answers are on the East London and Leeds desks.
Seeded HEARTS. Master: master@hearts.test / hearts-master
Access codes (also on the master desk, and in data/seed-codes-test.json):
  elm-teacher    ELM-YTW7-VGCF
  elm-admin      ELM-P6YE-YEH6
  elm-learner    ELM-UBNB-KJJ3
  elm-parent     ELM-XMJY-7JPV
  leeds-teacher  LEEDS-A8EW-6XWB
  leeds-learner  LEEDS-9XKF-CH6P

Running 1 test using 1 worker

(node:70877) Warning: The 'NO_COLOR' env is ignored due to the 'FORCE_COLOR' env being set.
(Use `node --trace-warnings ...` to show where the warning was created)


(node:70877) Warning: The 'NO_COLOR' env is ignored due to the 'FORCE_COLOR' env being set.
(Use `node --trace-warnings ...` to show where the warning was created)


[1/1] tests/e2e/screenshots.spec.ts:100:1 › portal desk at desktop size
  1 passed (1.4m)
EXIT:0 screenshots.spec.ts try 1
===== screenshots.spec.ts :: portal desk at desktop size :: try 2 =====
Wiped the Postgres database (dropped the public schema).
[06:40:32] [33mWARN[39m: [36mNo email adapter provided. Email will be written to console. More info at https://payloadcms.com/docs/email/overview.[39m
[06:40:32] [32mINFO[39m: [36mReading migration files from /workspace/hearts-prototype/src/migrations[39m
[06:40:32] [32mINFO[39m: [36mMigrating: 20261003_103330_initial[39m
[06:40:33] [32mINFO[39m: [36mMigrated:  20261003_103330_initial (939ms)[39m
[06:40:33] [32mINFO[39m: [36mMigrating: 20261003_124500_integration_part1[39m
[06:40:33] [32mINFO[39m: [36mMigrated:  20261003_124500_integration_part1 (138ms)[39m
[06:40:33] [32mINFO[39m: [36mMigrating: 20261003_131651_integration_part2[39m
[06:40:33] [32mINFO[39m: [36mMigrated:  20261003_131651_integration_part2 (42ms)[39m
[06:40:33] [32mINFO[39m: [36mMigrating: 20261003_140611_harvest[39m
[06:40:33] [32mINFO[39m: [36mMigrated:  20261003_140611_harvest (12ms)[39m
[06:40:33] [32mINFO[39m: [36mMigrating: 20261003_180616_jibril_doors[39m
[06:40:33] [32mINFO[39m: [36mMigrated:  20261003_180616_jibril_doors (10ms)[39m
[06:40:33] [32mINFO[39m: [36mMigrating: 20261003_194500_line_tidy[39m
[06:40:33] [32mINFO[39m: [36mMigrated:  20261003_194500_line_tidy (1ms)[39m
[06:40:33] [32mINFO[39m: [36mMigrating: 20261003_200853_integration_final[39m
[06:40:33] [32mINFO[39m: [36mMigrated:  20261003_200853_integration_final (25ms)[39m
[06:40:33] [32mINFO[39m: [36mMigrating: 20261003_220000_feedback[39m
[06:40:33] [32mINFO[39m: [36mMigrated:  20261003_220000_feedback (23ms)[39m
[06:40:33] [32mINFO[39m: [36mMigrating: 20261004_031500_gather[39m
[06:40:33] [32mINFO[39m: [36mMigrated:  20261004_031500_gather (73ms)[39m
[06:40:33] [32mINFO[39m: [36mMigrating: 20261004_060000_shorts[39m
[06:40:33] [32mINFO[39m: [36mMigrated:  20261004_060000_shorts (1ms)[39m
[06:40:33] [32mINFO[39m: [36mMigrating: 20261004_061000_portal_time_zone[39m
[06:40:33] [32mINFO[39m: [36mMigrated:  20261004_061000_portal_time_zone (1ms)[39m
[06:40:33] [32mINFO[39m: [36mMigrating: 20261004_080000_lesson_picture_flags[39m
[06:40:33] [32mINFO[39m: [36mMigrated:  20261004_080000_lesson_picture_flags (1ms)[39m
[06:40:33] [32mINFO[39m: [36mMigrating: 20261004_120000_compass_v2[39m
[06:40:33] [32mINFO[39m: [36mMigrated:  20261004_120000_compass_v2 (35ms)[39m
[06:40:33] [32mINFO[39m: [36mMigrating: 20261004_180000_gather_entry_code[39m
[06:40:33] [32mINFO[39m: [36mMigrated:  20261004_180000_gather_entry_code (1ms)[39m
[06:40:33] [32mINFO[39m: [36mMigrating: 20261004_210000_schedule_minutes[39m
[06:40:33] [32mINFO[39m: [36mMigrated:  20261004_210000_schedule_minutes (1ms)[39m
[06:40:33] [32mINFO[39m: [36mMigrating: 20261004_230000_portal_features[39m
[06:40:33] [32mINFO[39m: [36mMigrated:  20261004_230000_portal_features (1ms)[39m
[06:40:33] [32mINFO[39m: [36mMigrating: 20261005_010000_admin_ops[39m
[06:40:33] [32mINFO[39m: [36mMigrated:  20261005_010000_admin_ops (25ms)[39m
[06:40:33] [32mINFO[39m: [36mMigrating: 20261005_020000_trash[39m
[06:40:33] [32mINFO[39m: [36mMigrated:  20261005_020000_trash (13ms)[39m
Harvest: 172 verses and hadith across 31 talks. No quotation found in 5: Gratitude is the Greatest Blessing | Gems from Ibn Ata Illah Ep. 1 | Shaykh Mikaeel Ahmed Smith; How to Manage Your Anger - Amjad Tarsin; Moments of Solitude: Closeness to God | Jummah Khutbah | Imam Khalid Latif | 3.11.2022; On Mosques, Companionship, & Knowledge; Quranic Connection #26: A Cure for Anxiety | Shaykh Suleiman Hani.
Harvest sample: 4 lines kept for Maryam.
Feedback demo: sample answers are on the East London and Leeds desks.
Seeded HEARTS. Master: master@hearts.test / hearts-master
Access codes (also on the master desk, and in data/seed-codes-test.json):
  elm-teacher    ELM-PGQH-DW8F
  elm-admin      ELM-TUW3-9CVT
  elm-learner    ELM-3PQU-CWX4
  elm-parent     ELM-CUAJ-NECX
  leeds-teacher  LEEDS-TFJY-94AM
  leeds-learner  LEEDS-AR7T-8A3C

Running 1 test using 1 worker

(node:71282) Warning: The 'NO_COLOR' env is ignored due to the 'FORCE_COLOR' env being set.
(Use `node --trace-warnings ...` to show where the warning was created)


(node:71282) Warning: The 'NO_COLOR' env is ignored due to the 'FORCE_COLOR' env being set.
(Use `node --trace-warnings ...` to show where the warning was created)


[1/1] tests/e2e/screenshots.spec.ts:100:1 › portal desk at desktop size
  1 passed (1.4m)
EXIT:0 screenshots.spec.ts try 2
===== screenshots.spec.ts :: the opening at phone size :: try 1 =====
Wiped the Postgres database (dropped the public schema).
[06:41:59] [33mWARN[39m: [36mNo email adapter provided. Email will be written to console. More info at https://payloadcms.com/docs/email/overview.[39m
[06:41:59] [32mINFO[39m: [36mReading migration files from /workspace/hearts-prototype/src/migrations[39m
[06:41:59] [32mINFO[39m: [36mMigrating: 20261003_103330_initial[39m
[06:42:00] [32mINFO[39m: [36mMigrated:  20261003_103330_initial (1148ms)[39m
[06:42:00] [32mINFO[39m: [36mMigrating: 20261003_124500_integration_part1[39m
[06:42:00] [32mINFO[39m: [36mMigrated:  20261003_124500_integration_part1 (152ms)[39m
[06:42:00] [32mINFO[39m: [36mMigrating: 20261003_131651_integration_part2[39m
[06:42:01] [32mINFO[39m: [36mMigrated:  20261003_131651_integration_part2 (32ms)[39m
[06:42:01] [32mINFO[39m: [36mMigrating: 20261003_140611_harvest[39m
[06:42:01] [32mINFO[39m: [36mMigrated:  20261003_140611_harvest (13ms)[39m
[06:42:01] [32mINFO[39m: [36mMigrating: 20261003_180616_jibril_doors[39m
[06:42:01] [32mINFO[39m: [36mMigrated:  20261003_180616_jibril_doors (11ms)[39m
[06:42:01] [32mINFO[39m: [36mMigrating: 20261003_194500_line_tidy[39m
[06:42:01] [32mINFO[39m: [36mMigrated:  20261003_194500_line_tidy (2ms)[39m
[06:42:01] [32mINFO[39m: [36mMigrating: 20261003_200853_integration_final[39m
[06:42:01] [32mINFO[39m: [36mMigrated:  20261003_200853_integration_final (46ms)[39m
[06:42:01] [32mINFO[39m: [36mMigrating: 20261003_220000_feedback[39m
[06:42:01] [32mINFO[39m: [36mMigrated:  20261003_220000_feedback (28ms)[39m
[06:42:01] [32mINFO[39m: [36mMigrating: 20261004_031500_gather[39m
[06:42:01] [32mINFO[39m: [36mMigrated:  20261004_031500_gather (82ms)[39m
[06:42:01] [32mINFO[39m: [36mMigrating: 20261004_060000_shorts[39m
[06:42:01] [32mINFO[39m: [36mMigrated:  20261004_060000_shorts (2ms)[39m
[06:42:01] [32mINFO[39m: [36mMigrating: 20261004_061000_portal_time_zone[39m
[06:42:01] [32mINFO[39m: [36mMigrated:  20261004_061000_portal_time_zone (1ms)[39m
[06:42:01] [32mINFO[39m: [36mMigrating: 20261004_080000_lesson_picture_flags[39m
[06:42:01] [32mINFO[39m: [36mMigrated:  20261004_080000_lesson_picture_flags (1ms)[39m
[06:42:01] [32mINFO[39m: [36mMigrating: 20261004_120000_compass_v2[39m
[06:42:01] [32mINFO[39m: [36mMigrated:  20261004_120000_compass_v2 (27ms)[39m
[06:42:01] [32mINFO[39m: [36mMigrating: 20261004_180000_gather_entry_code[39m
[06:42:01] [32mINFO[39m: [36mMigrated:  20261004_180000_gather_entry_code (1ms)[39m
[06:42:01] [32mINFO[39m: [36mMigrating: 20261004_210000_schedule_minutes[39m
[06:42:01] [32mINFO[39m: [36mMigrated:  20261004_210000_schedule_minutes (1ms)[39m
[06:42:01] [32mINFO[39m: [36mMigrating: 20261004_230000_portal_features[39m
[06:42:01] [32mINFO[39m: [36mMigrated:  20261004_230000_portal_features (1ms)[39m
[06:42:01] [32mINFO[39m: [36mMigrating: 20261005_010000_admin_ops[39m
[06:42:01] [32mINFO[39m: [36mMigrated:  20261005_010000_admin_ops (24ms)[39m
[06:42:01] [32mINFO[39m: [36mMigrating: 20261005_020000_trash[39m
[06:42:01] [32mINFO[39m: [36mMigrated:  20261005_020000_trash (13ms)[39m
Harvest: 172 verses and hadith across 31 talks. No quotation found in 5: Gratitude is the Greatest Blessing | Gems from Ibn Ata Illah Ep. 1 | Shaykh Mikaeel Ahmed Smith; How to Manage Your Anger - Amjad Tarsin; Moments of Solitude: Closeness to God | Jummah Khutbah | Imam Khalid Latif | 3.11.2022; On Mosques, Companionship, & Knowledge; Quranic Connection #26: A Cure for Anxiety | Shaykh Suleiman Hani.
Harvest sample: 4 lines kept for Maryam.
Feedback demo: sample answers are on the East London and Leeds desks.
Seeded HEARTS. Master: master@hearts.test / hearts-master
Access codes (also on the master desk, and in data/seed-codes-test.json):
  elm-teacher    ELM-8VC6-8QFH
  elm-admin      ELM-8TMR-E8WE
  elm-learner    ELM-RDCE-HVRG
  elm-parent     ELM-TFMD-4QCD
  leeds-teacher  LEEDS-DU9Q-XX4A
  leeds-learner  LEEDS-TJ9F-3VA6

Running 1 test using 1 worker

(node:71671) Warning: The 'NO_COLOR' env is ignored due to the 'FORCE_COLOR' env being set.
(Use `node --trace-warnings ...` to show where the warning was created)


(node:71671) Warning: The 'NO_COLOR' env is ignored due to the 'FORCE_COLOR' env being set.
(Use `node --trace-warnings ...` to show where the warning was created)


[1/1] tests/e2e/screenshots.spec.ts:136:1 › the opening at phone size
  1 passed (55.9s)
EXIT:0 screenshots.spec.ts try 1
===== screenshots.spec.ts :: the opening at phone size :: try 2 =====
Wiped the Postgres database (dropped the public schema).
[06:42:54] [33mWARN[39m: [36mNo email adapter provided. Email will be written to console. More info at https://payloadcms.com/docs/email/overview.[39m
[06:42:54] [32mINFO[39m: [36mReading migration files from /workspace/hearts-prototype/src/migrations[39m
[06:42:54] [32mINFO[39m: [36mMigrating: 20261003_103330_initial[39m
[06:42:55] [32mINFO[39m: [36mMigrated:  20261003_103330_initial (882ms)[39m
[06:42:55] [32mINFO[39m: [36mMigrating: 20261003_124500_integration_part1[39m
[06:42:55] [32mINFO[39m: [36mMigrated:  20261003_124500_integration_part1 (162ms)[39m
[06:42:55] [32mINFO[39m: [36mMigrating: 20261003_131651_integration_part2[39m
[06:42:55] [32mINFO[39m: [36mMigrated:  20261003_131651_integration_part2 (51ms)[39m
[06:42:55] [32mINFO[39m: [36mMigrating: 20261003_140611_harvest[39m
[06:42:55] [32mINFO[39m: [36mMigrated:  20261003_140611_harvest (16ms)[39m
[06:42:56] [32mINFO[39m: [36mMigrating: 20261003_180616_jibril_doors[39m
[06:42:56] [32mINFO[39m: [36mMigrated:  20261003_180616_jibril_doors (22ms)[39m
[06:42:56] [32mINFO[39m: [36mMigrating: 20261003_194500_line_tidy[39m
[06:42:56] [32mINFO[39m: [36mMigrated:  20261003_194500_line_tidy (2ms)[39m
[06:42:56] [32mINFO[39m: [36mMigrating: 20261003_200853_integration_final[39m
[06:42:56] [32mINFO[39m: [36mMigrated:  20261003_200853_integration_final (66ms)[39m
[06:42:56] [32mINFO[39m: [36mMigrating: 20261003_220000_feedback[39m
[06:42:56] [32mINFO[39m: [36mMigrated:  20261003_220000_feedback (33ms)[39m
[06:42:56] [32mINFO[39m: [36mMigrating: 20261004_031500_gather[39m
[06:42:56] [32mINFO[39m: [36mMigrated:  20261004_031500_gather (69ms)[39m
[06:42:56] [32mINFO[39m: [36mMigrating: 20261004_060000_shorts[39m
[06:42:56] [32mINFO[39m: [36mMigrated:  20261004_060000_shorts (1ms)[39m
[06:42:56] [32mINFO[39m: [36mMigrating: 20261004_061000_portal_time_zone[39m
[06:42:56] [32mINFO[39m: [36mMigrated:  20261004_061000_portal_time_zone (1ms)[39m
[06:42:56] [32mINFO[39m: [36mMigrating: 20261004_080000_lesson_picture_flags[39m
[06:42:56] [32mINFO[39m: [36mMigrated:  20261004_080000_lesson_picture_flags (1ms)[39m
[06:42:56] [32mINFO[39m: [36mMigrating: 20261004_120000_compass_v2[39m
[06:42:56] [32mINFO[39m: [36mMigrated:  20261004_120000_compass_v2 (30ms)[39m
[06:42:56] [32mINFO[39m: [36mMigrating: 20261004_180000_gather_entry_code[39m
[06:42:56] [32mINFO[39m: [36mMigrated:  20261004_180000_gather_entry_code (0ms)[39m
[06:42:56] [32mINFO[39m: [36mMigrating: 20261004_210000_schedule_minutes[39m
[06:42:56] [32mINFO[39m: [36mMigrated:  20261004_210000_schedule_minutes (1ms)[39m
[06:42:56] [32mINFO[39m: [36mMigrating: 20261004_230000_portal_features[39m
[06:42:56] [32mINFO[39m: [36mMigrated:  20261004_230000_portal_features (1ms)[39m
[06:42:56] [32mINFO[39m: [36mMigrating: 20261005_010000_admin_ops[39m
[06:42:56] [32mINFO[39m: [36mMigrated:  20261005_010000_admin_ops (26ms)[39m
[06:42:56] [32mINFO[39m: [36mMigrating: 20261005_020000_trash[39m
[06:42:56] [32mINFO[39m: [36mMigrated:  20261005_020000_trash (11ms)[39m
Harvest: 172 verses and hadith across 31 talks. No quotation found in 5: Gratitude is the Greatest Blessing | Gems from Ibn Ata Illah Ep. 1 | Shaykh Mikaeel Ahmed Smith; How to Manage Your Anger - Amjad Tarsin; Moments of Solitude: Closeness to God | Jummah Khutbah | Imam Khalid Latif | 3.11.2022; On Mosques, Companionship, & Knowledge; Quranic Connection #26: A Cure for Anxiety | Shaykh Suleiman Hani.
Harvest sample: 4 lines kept for Maryam.
Feedback demo: sample answers are on the East London and Leeds desks.
Seeded HEARTS. Master: master@hearts.test / hearts-master
Access codes (also on the master desk, and in data/seed-codes-test.json):
  elm-teacher    ELM-8RNW-VMKN
  elm-admin      ELM-MM7Y-RT9F
  elm-learner    ELM-9UTT-46VP
  elm-parent     ELM-YF77-WAT8
  leeds-teacher  LEEDS-P86R-887J
  leeds-learner  LEEDS-V648-7AMJ

Running 1 test using 1 worker

(node:71944) Warning: The 'NO_COLOR' env is ignored due to the 'FORCE_COLOR' env being set.
(Use `node --trace-warnings ...` to show where the warning was created)


(node:71944) Warning: The 'NO_COLOR' env is ignored due to the 'FORCE_COLOR' env being set.
(Use `node --trace-warnings ...` to show where the warning was created)


[1/1] tests/e2e/screenshots.spec.ts:136:1 › the opening at phone size
  1 passed (54.1s)
EXIT:0 screenshots.spec.ts try 2
===== screenshots.spec.ts :: view as, from the portal desk :: try 1 =====
Wiped the Postgres database (dropped the public schema).
[06:43:49] [33mWARN[39m: [36mNo email adapter provided. Email will be written to console. More info at https://payloadcms.com/docs/email/overview.[39m
[06:43:49] [32mINFO[39m: [36mReading migration files from /workspace/hearts-prototype/src/migrations[39m
[06:43:49] [32mINFO[39m: [36mMigrating: 20261003_103330_initial[39m
[06:43:50] [32mINFO[39m: [36mMigrated:  20261003_103330_initial (902ms)[39m
[06:43:50] [32mINFO[39m: [36mMigrating: 20261003_124500_integration_part1[39m
[06:43:50] [32mINFO[39m: [36mMigrated:  20261003_124500_integration_part1 (150ms)[39m
[06:43:50] [32mINFO[39m: [36mMigrating: 20261003_131651_integration_part2[39m
[06:43:50] [32mINFO[39m: [36mMigrated:  20261003_131651_integration_part2 (31ms)[39m
[06:43:50] [32mINFO[39m: [36mMigrating: 20261003_140611_harvest[39m
[06:43:50] [32mINFO[39m: [36mMigrated:  20261003_140611_harvest (16ms)[39m
[06:43:50] [32mINFO[39m: [36mMigrating: 20261003_180616_jibril_doors[39m
[06:43:50] [32mINFO[39m: [36mMigrated:  20261003_180616_jibril_doors (13ms)[39m
[06:43:50] [32mINFO[39m: [36mMigrating: 20261003_194500_line_tidy[39m
[06:43:50] [32mINFO[39m: [36mMigrated:  20261003_194500_line_tidy (1ms)[39m
[06:43:50] [32mINFO[39m: [36mMigrating: 20261003_200853_integration_final[39m
[06:43:50] [32mINFO[39m: [36mMigrated:  20261003_200853_integration_final (40ms)[39m
[06:43:50] [32mINFO[39m: [36mMigrating: 20261003_220000_feedback[39m
[06:43:50] [32mINFO[39m: [36mMigrated:  20261003_220000_feedback (38ms)[39m
[06:43:50] [32mINFO[39m: [36mMigrating: 20261004_031500_gather[39m
[06:43:50] [32mINFO[39m: [36mMigrated:  20261004_031500_gather (69ms)[39m
[06:43:50] [32mINFO[39m: [36mMigrating: 20261004_060000_shorts[39m
[06:43:50] [32mINFO[39m: [36mMigrated:  20261004_060000_shorts (1ms)[39m
[06:43:50] [32mINFO[39m: [36mMigrating: 20261004_061000_portal_time_zone[39m
[06:43:50] [32mINFO[39m: [36mMigrated:  20261004_061000_portal_time_zone (1ms)[39m
[06:43:50] [32mINFO[39m: [36mMigrating: 20261004_080000_lesson_picture_flags[39m
[06:43:50] [32mINFO[39m: [36mMigrated:  20261004_080000_lesson_picture_flags (1ms)[39m
[06:43:50] [32mINFO[39m: [36mMigrating: 20261004_120000_compass_v2[39m
[06:43:50] [32mINFO[39m: [36mMigrated:  20261004_120000_compass_v2 (43ms)[39m
[06:43:50] [32mINFO[39m: [36mMigrating: 20261004_180000_gather_entry_code[39m
[06:43:50] [32mINFO[39m: [36mMigrated:  20261004_180000_gather_entry_code (1ms)[39m
[06:43:50] [32mINFO[39m: [36mMigrating: 20261004_210000_schedule_minutes[39m
[06:43:50] [32mINFO[39m: [36mMigrated:  20261004_210000_schedule_minutes (0ms)[39m
[06:43:50] [32mINFO[39m: [36mMigrating: 20261004_230000_portal_features[39m
[06:43:50] [32mINFO[39m: [36mMigrated:  20261004_230000_portal_features (1ms)[39m
[06:43:50] [32mINFO[39m: [36mMigrating: 20261005_010000_admin_ops[39m
[06:43:50] [32mINFO[39m: [36mMigrated:  20261005_010000_admin_ops (24ms)[39m
[06:43:50] [32mINFO[39m: [36mMigrating: 20261005_020000_trash[39m
[06:43:50] [32mINFO[39m: [36mMigrated:  20261005_020000_trash (10ms)[39m
Harvest: 172 verses and hadith across 31 talks. No quotation found in 5: Gratitude is the Greatest Blessing | Gems from Ibn Ata Illah Ep. 1 | Shaykh Mikaeel Ahmed Smith; How to Manage Your Anger - Amjad Tarsin; Moments of Solitude: Closeness to God | Jummah Khutbah | Imam Khalid Latif | 3.11.2022; On Mosques, Companionship, & Knowledge; Quranic Connection #26: A Cure for Anxiety | Shaykh Suleiman Hani.
Harvest sample: 4 lines kept for Maryam.
Feedback demo: sample answers are on the East London and Leeds desks.
Seeded HEARTS. Master: master@hearts.test / hearts-master
Access codes (also on the master desk, and in data/seed-codes-test.json):
  elm-teacher    ELM-RWQV-6A6R
  elm-admin      ELM-VCNV-9AH4
  elm-learner    ELM-N9Y7-T8CR
  elm-parent     ELM-64K4-TPH7
  leeds-teacher  LEEDS-QYW3-VM3U
  leeds-learner  LEEDS-Q8XE-VTRM

Running 1 test using 1 worker

(node:72215) Warning: The 'NO_COLOR' env is ignored due to the 'FORCE_COLOR' env being set.
(Use `node --trace-warnings ...` to show where the warning was created)


(node:72215) Warning: The 'NO_COLOR' env is ignored due to the 'FORCE_COLOR' env being set.
(Use `node --trace-warnings ...` to show where the warning was created)


[1/1] tests/e2e/screenshots.spec.ts:158:1 › view as, from the portal desk
  1 passed (44.8s)
EXIT:0 screenshots.spec.ts try 1
===== screenshots.spec.ts :: view as, from the portal desk :: try 2 =====
Wiped the Postgres database (dropped the public schema).
[06:44:34] [33mWARN[39m: [36mNo email adapter provided. Email will be written to console. More info at https://payloadcms.com/docs/email/overview.[39m
[06:44:34] [32mINFO[39m: [36mReading migration files from /workspace/hearts-prototype/src/migrations[39m
[06:44:35] [32mINFO[39m: [36mMigrating: 20261003_103330_initial[39m
[06:44:36] [32mINFO[39m: [36mMigrated:  20261003_103330_initial (1006ms)[39m
[06:44:36] [32mINFO[39m: [36mMigrating: 20261003_124500_integration_part1[39m
[06:44:36] [32mINFO[39m: [36mMigrated:  20261003_124500_integration_part1 (169ms)[39m
[06:44:36] [32mINFO[39m: [36mMigrating: 20261003_131651_integration_part2[39m
[06:44:36] [32mINFO[39m: [36mMigrated:  20261003_131651_integration_part2 (35ms)[39m
[06:44:36] [32mINFO[39m: [36mMigrating: 20261003_140611_harvest[39m
[06:44:36] [32mINFO[39m: [36mMigrated:  20261003_140611_harvest (16ms)[39m
[06:44:36] [32mINFO[39m: [36mMigrating: 20261003_180616_jibril_doors[39m
[06:44:36] [32mINFO[39m: [36mMigrated:  20261003_180616_jibril_doors (19ms)[39m
[06:44:36] [32mINFO[39m: [36mMigrating: 20261003_194500_line_tidy[39m
[06:44:36] [32mINFO[39m: [36mMigrated:  20261003_194500_line_tidy (1ms)[39m
[06:44:36] [32mINFO[39m: [36mMigrating: 20261003_200853_integration_final[39m
[06:44:36] [32mINFO[39m: [36mMigrated:  20261003_200853_integration_final (60ms)[39m
[06:44:36] [32mINFO[39m: [36mMigrating: 20261003_220000_feedback[39m
[06:44:36] [32mINFO[39m: [36mMigrated:  20261003_220000_feedback (30ms)[39m
[06:44:36] [32mINFO[39m: [36mMigrating: 20261004_031500_gather[39m
[06:44:36] [32mINFO[39m: [36mMigrated:  20261004_031500_gather (56ms)[39m
[06:44:36] [32mINFO[39m: [36mMigrating: 20261004_060000_shorts[39m
[06:44:36] [32mINFO[39m: [36mMigrated:  20261004_060000_shorts (2ms)[39m
[06:44:36] [32mINFO[39m: [36mMigrating: 20261004_061000_portal_time_zone[39m
[06:44:36] [32mINFO[39m: [36mMigrated:  20261004_061000_portal_time_zone (1ms)[39m
[06:44:36] [32mINFO[39m: [36mMigrating: 20261004_080000_lesson_picture_flags[39m
[06:44:36] [32mINFO[39m: [36mMigrated:  20261004_080000_lesson_picture_flags (1ms)[39m
[06:44:36] [32mINFO[39m: [36mMigrating: 20261004_120000_compass_v2[39m
[06:44:36] [32mINFO[39m: [36mMigrated:  20261004_120000_compass_v2 (39ms)[39m
[06:44:36] [32mINFO[39m: [36mMigrating: 20261004_180000_gather_entry_code[39m
[06:44:36] [32mINFO[39m: [36mMigrated:  20261004_180000_gather_entry_code (0ms)[39m
[06:44:36] [32mINFO[39m: [36mMigrating: 20261004_210000_schedule_minutes[39m
[06:44:36] [32mINFO[39m: [36mMigrated:  20261004_210000_schedule_minutes (1ms)[39m
[06:44:36] [32mINFO[39m: [36mMigrating: 20261004_230000_portal_features[39m
[06:44:36] [32mINFO[39m: [36mMigrated:  20261004_230000_portal_features (1ms)[39m
[06:44:36] [32mINFO[39m: [36mMigrating: 20261005_010000_admin_ops[39m
[06:44:36] [32mINFO[39m: [36mMigrated:  20261005_010000_admin_ops (34ms)[39m
[06:44:36] [32mINFO[39m: [36mMigrating: 20261005_020000_trash[39m
[06:44:36] [32mINFO[39m: [36mMigrated:  20261005_020000_trash (11ms)[39m
Harvest: 172 verses and hadith across 31 talks. No quotation found in 5: Gratitude is the Greatest Blessing | Gems from Ibn Ata Illah Ep. 1 | Shaykh Mikaeel Ahmed Smith; How to Manage Your Anger - Amjad Tarsin; Moments of Solitude: Closeness to God | Jummah Khutbah | Imam Khalid Latif | 3.11.2022; On Mosques, Companionship, & Knowledge; Quranic Connection #26: A Cure for Anxiety | Shaykh Suleiman Hani.
Harvest sample: 4 lines kept for Maryam.
Feedback demo: sample answers are on the East London and Leeds desks.
Seeded HEARTS. Master: master@hearts.test / hearts-master
Access codes (also on the master desk, and in data/seed-codes-test.json):
  elm-teacher    ELM-H7G6-NMXU
  elm-admin      ELM-UH3J-M4F7
  elm-learner    ELM-XHRM-R6KF
  elm-parent     ELM-EYEV-HKBT
  leeds-teacher  LEEDS-H794-7CGD
  leeds-learner  LEEDS-WAD9-MEK7

Running 1 test using 1 worker

(node:72541) Warning: The 'NO_COLOR' env is ignored due to the 'FORCE_COLOR' env being set.
(Use `node --trace-warnings ...` to show where the warning was created)


(node:72541) Warning: The 'NO_COLOR' env is ignored due to the 'FORCE_COLOR' env being set.
(Use `node --trace-warnings ...` to show where the warning was created)


[1/1] tests/e2e/screenshots.spec.ts:158:1 › view as, from the portal desk
  1 passed (45.1s)
EXIT:0 screenshots.spec.ts try 2
===== screenshots.spec.ts :: circle answers: the desk and the swarm :: try 1 =====
Wiped the Postgres database (dropped the public schema).
[06:45:20] [33mWARN[39m: [36mNo email adapter provided. Email will be written to console. More info at https://payloadcms.com/docs/email/overview.[39m
[06:45:20] [32mINFO[39m: [36mReading migration files from /workspace/hearts-prototype/src/migrations[39m
[06:45:21] [32mINFO[39m: [36mMigrating: 20261003_103330_initial[39m
[06:45:21] [32mINFO[39m: [36mMigrated:  20261003_103330_initial (933ms)[39m
[06:45:21] [32mINFO[39m: [36mMigrating: 20261003_124500_integration_part1[39m
[06:45:22] [32mINFO[39m: [36mMigrated:  20261003_124500_integration_part1 (165ms)[39m
[06:45:22] [32mINFO[39m: [36mMigrating: 20261003_131651_integration_part2[39m
[06:45:22] [32mINFO[39m: [36mMigrated:  20261003_131651_integration_part2 (35ms)[39m
[06:45:22] [32mINFO[39m: [36mMigrating: 20261003_140611_harvest[39m
[06:45:22] [32mINFO[39m: [36mMigrated:  20261003_140611_harvest (12ms)[39m
[06:45:22] [32mINFO[39m: [36mMigrating: 20261003_180616_jibril_doors[39m
[06:45:22] [32mINFO[39m: [36mMigrated:  20261003_180616_jibril_doors (14ms)[39m
[06:45:22] [32mINFO[39m: [36mMigrating: 20261003_194500_line_tidy[39m
[06:45:22] [32mINFO[39m: [36mMigrated:  20261003_194500_line_tidy (0ms)[39m
[06:45:22] [32mINFO[39m: [36mMigrating: 20261003_200853_integration_final[39m
[06:45:22] [32mINFO[39m: [36mMigrated:  20261003_200853_integration_final (32ms)[39m
[06:45:22] [32mINFO[39m: [36mMigrating: 20261003_220000_feedback[39m
[06:45:22] [32mINFO[39m: [36mMigrated:  20261003_220000_feedback (26ms)[39m
[06:45:22] [32mINFO[39m: [36mMigrating: 20261004_031500_gather[39m
[06:45:22] [32mINFO[39m: [36mMigrated:  20261004_031500_gather (88ms)[39m
[06:45:22] [32mINFO[39m: [36mMigrating: 20261004_060000_shorts[39m
[06:45:22] [32mINFO[39m: [36mMigrated:  20261004_060000_shorts (1ms)[39m
[06:45:22] [32mINFO[39m: [36mMigrating: 20261004_061000_portal_time_zone[39m
[06:45:22] [32mINFO[39m: [36mMigrated:  20261004_061000_portal_time_zone (1ms)[39m
[06:45:22] [32mINFO[39m: [36mMigrating: 20261004_080000_lesson_picture_flags[39m
[06:45:22] [32mINFO[39m: [36mMigrated:  20261004_080000_lesson_picture_flags (0ms)[39m
[06:45:22] [32mINFO[39m: [36mMigrating: 20261004_120000_compass_v2[39m
[06:45:22] [32mINFO[39m: [36mMigrated:  20261004_120000_compass_v2 (30ms)[39m
[06:45:22] [32mINFO[39m: [36mMigrating: 20261004_180000_gather_entry_code[39m
[06:45:22] [32mINFO[39m: [36mMigrated:  20261004_180000_gather_entry_code (1ms)[39m
[06:45:22] [32mINFO[39m: [36mMigrating: 20261004_210000_schedule_minutes[39m
[06:45:22] [32mINFO[39m: [36mMigrated:  20261004_210000_schedule_minutes (0ms)[39m
[06:45:22] [32mINFO[39m: [36mMigrating: 20261004_230000_portal_features[39m
[06:45:22] [32mINFO[39m: [36mMigrated:  20261004_230000_portal_features (0ms)[39m
[06:45:22] [32mINFO[39m: [36mMigrating: 20261005_010000_admin_ops[39m
[06:45:22] [32mINFO[39m: [36mMigrated:  20261005_010000_admin_ops (33ms)[39m
[06:45:22] [32mINFO[39m: [36mMigrating: 20261005_020000_trash[39m
[06:45:22] [32mINFO[39m: [36mMigrated:  20261005_020000_trash (20ms)[39m
Harvest: 172 verses and hadith across 31 talks. No quotation found in 5: Gratitude is the Greatest Blessing | Gems from Ibn Ata Illah Ep. 1 | Shaykh Mikaeel Ahmed Smith; How to Manage Your Anger - Amjad Tarsin; Moments of Solitude: Closeness to God | Jummah Khutbah | Imam Khalid Latif | 3.11.2022; On Mosques, Companionship, & Knowledge; Quranic Connection #26: A Cure for Anxiety | Shaykh Suleiman Hani.
Harvest sample: 4 lines kept for Maryam.
Feedback demo: sample answers are on the East London and Leeds desks.
Seeded HEARTS. Master: master@hearts.test / hearts-master
Access codes (also on the master desk, and in data/seed-codes-test.json):
  elm-teacher    ELM-EN98-MF6U
  elm-admin      ELM-G4CP-NNNM
  elm-learner    ELM-RY8K-WBUX
  elm-parent     ELM-WPDV-C3HF
  leeds-teacher  LEEDS-HVKV-FED8
  leeds-learner  LEEDS-H4HK-K7DG

Running 1 test using 1 worker

(node:72865) Warning: The 'NO_COLOR' env is ignored due to the 'FORCE_COLOR' env being set.
(Use `node --trace-warnings ...` to show where the warning was created)


(node:72865) Warning: The 'NO_COLOR' env is ignored due to the 'FORCE_COLOR' env being set.
(Use `node --trace-warnings ...` to show where the warning was created)


[1/1] tests/e2e/screenshots.spec.ts:181:1 › circle answers: the desk and the swarm
  1 passed (51.3s)
EXIT:0 screenshots.spec.ts try 1
===== screenshots.spec.ts :: circle answers: the desk and the swarm :: try 2 =====
Wiped the Postgres database (dropped the public schema).
[06:46:13] [33mWARN[39m: [36mNo email adapter provided. Email will be written to console. More info at https://payloadcms.com/docs/email/overview.[39m
[06:46:13] [32mINFO[39m: [36mReading migration files from /workspace/hearts-prototype/src/migrations[39m
[06:46:13] [32mINFO[39m: [36mMigrating: 20261003_103330_initial[39m
[06:46:14] [32mINFO[39m: [36mMigrated:  20261003_103330_initial (1071ms)[39m
[06:46:14] [32mINFO[39m: [36mMigrating: 20261003_124500_integration_part1[39m
[06:46:14] [32mINFO[39m: [36mMigrated:  20261003_124500_integration_part1 (188ms)[39m
[06:46:14] [32mINFO[39m: [36mMigrating: 20261003_131651_integration_part2[39m
[06:46:14] [32mINFO[39m: [36mMigrated:  20261003_131651_integration_part2 (24ms)[39m
[06:46:14] [32mINFO[39m: [36mMigrating: 20261003_140611_harvest[39m
[06:46:14] [32mINFO[39m: [36mMigrated:  20261003_140611_harvest (13ms)[39m
[06:46:14] [32mINFO[39m: [36mMigrating: 20261003_180616_jibril_doors[39m
[06:46:14] [32mINFO[39m: [36mMigrated:  20261003_180616_jibril_doors (20ms)[39m
[06:46:14] [32mINFO[39m: [36mMigrating: 20261003_194500_line_tidy[39m
[06:46:14] [32mINFO[39m: [36mMigrated:  20261003_194500_line_tidy (0ms)[39m
[06:46:14] [32mINFO[39m: [36mMigrating: 20261003_200853_integration_final[39m
[06:46:14] [32mINFO[39m: [36mMigrated:  20261003_200853_integration_final (45ms)[39m
[06:46:14] [32mINFO[39m: [36mMigrating: 20261003_220000_feedback[39m
[06:46:14] [32mINFO[39m: [36mMigrated:  20261003_220000_feedback (41ms)[39m
[06:46:14] [32mINFO[39m: [36mMigrating: 20261004_031500_gather[39m
[06:46:15] [32mINFO[39m: [36mMigrated:  20261004_031500_gather (47ms)[39m
[06:46:15] [32mINFO[39m: [36mMigrating: 20261004_060000_shorts[39m
[06:46:15] [32mINFO[39m: [36mMigrated:  20261004_060000_shorts (2ms)[39m
[06:46:15] [32mINFO[39m: [36mMigrating: 20261004_061000_portal_time_zone[39m
[06:46:15] [32mINFO[39m: [36mMigrated:  20261004_061000_portal_time_zone (1ms)[39m
[06:46:15] [32mINFO[39m: [36mMigrating: 20261004_080000_lesson_picture_flags[39m
[06:46:15] [32mINFO[39m: [36mMigrated:  20261004_080000_lesson_picture_flags (1ms)[39m
[06:46:15] [32mINFO[39m: [36mMigrating: 20261004_120000_compass_v2[39m
[06:46:15] [32mINFO[39m: [36mMigrated:  20261004_120000_compass_v2 (30ms)[39m
[06:46:15] [32mINFO[39m: [36mMigrating: 20261004_180000_gather_entry_code[39m
[06:46:15] [32mINFO[39m: [36mMigrated:  20261004_180000_gather_entry_code (2ms)[39m
[06:46:15] [32mINFO[39m: [36mMigrating: 20261004_210000_schedule_minutes[39m
[06:46:15] [32mINFO[39m: [36mMigrated:  20261004_210000_schedule_minutes (0ms)[39m
[06:46:15] [32mINFO[39m: [36mMigrating: 20261004_230000_portal_features[39m
[06:46:15] [32mINFO[39m: [36mMigrated:  20261004_230000_portal_features (0ms)[39m
[06:46:15] [32mINFO[39m: [36mMigrating: 20261005_010000_admin_ops[39m
[06:46:15] [32mINFO[39m: [36mMigrated:  20261005_010000_admin_ops (31ms)[39m
[06:46:15] [32mINFO[39m: [36mMigrating: 20261005_020000_trash[39m
[06:46:15] [32mINFO[39m: [36mMigrated:  20261005_020000_trash (13ms)[39m
Harvest: 172 verses and hadith across 31 talks. No quotation found in 5: Gratitude is the Greatest Blessing | Gems from Ibn Ata Illah Ep. 1 | Shaykh Mikaeel Ahmed Smith; How to Manage Your Anger - Amjad Tarsin; Moments of Solitude: Closeness to God | Jummah Khutbah | Imam Khalid Latif | 3.11.2022; On Mosques, Companionship, & Knowledge; Quranic Connection #26: A Cure for Anxiety | Shaykh Suleiman Hani.
Harvest sample: 4 lines kept for Maryam.
Feedback demo: sample answers are on the East London and Leeds desks.
Seeded HEARTS. Master: master@hearts.test / hearts-master
Access codes (also on the master desk, and in data/seed-codes-test.json):
  elm-teacher    ELM-9UEN-XHVV
  elm-admin      ELM-NFBT-3F78
  elm-learner    ELM-8FF8-W3Y9
  elm-parent     ELM-KK99-4D9U
  leeds-teacher  LEEDS-BEGP-TNUJ
  leeds-learner  LEEDS-ARTN-8V8Y

Running 1 test using 1 worker

(node:73173) Warning: The 'NO_COLOR' env is ignored due to the 'FORCE_COLOR' env being set.
(Use `node --trace-warnings ...` to show where the warning was created)


(node:73173) Warning: The 'NO_COLOR' env is ignored due to the 'FORCE_COLOR' env being set.
(Use `node --trace-warnings ...` to show where the warning was created)


[1/1] tests/e2e/screenshots.spec.ts:181:1 › circle answers: the desk and the swarm
  1 passed (52.6s)
EXIT:0 screenshots.spec.ts try 2
===== security.spec.ts :: the create-first-user screen :: try 1 =====
Wiped the Postgres database (dropped the public schema).
[06:47:06] [33mWARN[39m: [36mNo email adapter provided. Email will be written to console. More info at https://payloadcms.com/docs/email/overview.[39m
[06:47:06] [32mINFO[39m: [36mReading migration files from /workspace/hearts-prototype/src/migrations[39m
[06:47:06] [32mINFO[39m: [36mMigrating: 20261003_103330_initial[39m
[06:47:07] [32mINFO[39m: [36mMigrated:  20261003_103330_initial (720ms)[39m
[06:47:07] [32mINFO[39m: [36mMigrating: 20261003_124500_integration_part1[39m
[06:47:07] [32mINFO[39m: [36mMigrated:  20261003_124500_integration_part1 (165ms)[39m
[06:47:07] [32mINFO[39m: [36mMigrating: 20261003_131651_integration_part2[39m
[06:47:07] [32mINFO[39m: [36mMigrated:  20261003_131651_integration_part2 (28ms)[39m
[06:47:07] [32mINFO[39m: [36mMigrating: 20261003_140611_harvest[39m
[06:47:07] [32mINFO[39m: [36mMigrated:  20261003_140611_harvest (12ms)[39m
[06:47:07] [32mINFO[39m: [36mMigrating: 20261003_180616_jibril_doors[39m
[06:47:07] [32mINFO[39m: [36mMigrated:  20261003_180616_jibril_doors (10ms)[39m
[06:47:07] [32mINFO[39m: [36mMigrating: 20261003_194500_line_tidy[39m
[06:47:07] [32mINFO[39m: [36mMigrated:  20261003_194500_line_tidy (1ms)[39m
[06:47:07] [32mINFO[39m: [36mMigrating: 20261003_200853_integration_final[39m
[06:47:07] [32mINFO[39m: [36mMigrated:  20261003_200853_integration_final (40ms)[39m
[06:47:07] [32mINFO[39m: [36mMigrating: 20261003_220000_feedback[39m
[06:47:07] [32mINFO[39m: [36mMigrated:  20261003_220000_feedback (44ms)[39m
[06:47:07] [32mINFO[39m: [36mMigrating: 20261004_031500_gather[39m
[06:47:07] [32mINFO[39m: [36mMigrated:  20261004_031500_gather (91ms)[39m
[06:47:07] [32mINFO[39m: [36mMigrating: 20261004_060000_shorts[39m
[06:47:07] [32mINFO[39m: [36mMigrated:  20261004_060000_shorts (2ms)[39m
[06:47:07] [32mINFO[39m: [36mMigrating: 20261004_061000_portal_time_zone[39m
[06:47:07] [32mINFO[39m: [36mMigrated:  20261004_061000_portal_time_zone (1ms)[39m
[06:47:07] [32mINFO[39m: [36mMigrating: 20261004_080000_lesson_picture_flags[39m
[06:47:07] [32mINFO[39m: [36mMigrated:  20261004_080000_lesson_picture_flags (1ms)[39m
[06:47:07] [32mINFO[39m: [36mMigrating: 20261004_120000_compass_v2[39m
[06:47:07] [32mINFO[39m: [36mMigrated:  20261004_120000_compass_v2 (25ms)[39m
[06:47:07] [32mINFO[39m: [36mMigrating: 20261004_180000_gather_entry_code[39m
[06:47:07] [32mINFO[39m: [36mMigrated:  20261004_180000_gather_entry_code (4ms)[39m
[06:47:07] [32mINFO[39m: [36mMigrating: 20261004_210000_schedule_minutes[39m
[06:47:07] [32mINFO[39m: [36mMigrated:  20261004_210000_schedule_minutes (1ms)[39m
[06:47:07] [32mINFO[39m: [36mMigrating: 20261004_230000_portal_features[39m
[06:47:07] [32mINFO[39m: [36mMigrated:  20261004_230000_portal_features (1ms)[39m
[06:47:07] [32mINFO[39m: [36mMigrating: 20261005_010000_admin_ops[39m
[06:47:07] [32mINFO[39m: [36mMigrated:  20261005_010000_admin_ops (26ms)[39m
[06:47:07] [32mINFO[39m: [36mMigrating: 20261005_020000_trash[39m
[06:47:07] [32mINFO[39m: [36mMigrated:  20261005_020000_trash (17ms)[39m
Harvest: 172 verses and hadith across 31 talks. No quotation found in 5: Gratitude is the Greatest Blessing | Gems from Ibn Ata Illah Ep. 1 | Shaykh Mikaeel Ahmed Smith; How to Manage Your Anger - Amjad Tarsin; Moments of Solitude: Closeness to God | Jummah Khutbah | Imam Khalid Latif | 3.11.2022; On Mosques, Companionship, & Knowledge; Quranic Connection #26: A Cure for Anxiety | Shaykh Suleiman Hani.
Harvest sample: 4 lines kept for Maryam.
Feedback demo: sample answers are on the East London and Leeds desks.
Seeded HEARTS. Master: master@hearts.test / hearts-master
Access codes (also on the master desk, and in data/seed-codes-test.json):
  elm-teacher    ELM-6J4G-GXUE
  elm-admin      ELM-8N66-NUTY
  elm-learner    ELM-A7GX-6MYY
  elm-parent     ELM-XWEF-N7RW
  leeds-teacher  LEEDS-7UE8-YK6H
  leeds-learner  LEEDS-QVRX-QB97

Running 1 test using 1 worker

(node:73467) Warning: The 'NO_COLOR' env is ignored due to the 'FORCE_COLOR' env being set.
(Use `node --trace-warnings ...` to show where the warning was created)


(node:73467) Warning: The 'NO_COLOR' env is ignored due to the 'FORCE_COLOR' env being set.
(Use `node --trace-warnings ...` to show where the warning was created)


[1/1] tests/e2e/security.spec.ts:9:1 › the create-first-user screen and first-register are closed, and nobody outside can make an admin
  1) tests/e2e/security.spec.ts:9:1 › the create-first-user screen and first-register are closed, and nobody outside can make an admin 

    Error: the master desk can still add people

    expect(received).toBeTruthy()

    Received: false

      35 |   const email = `by-master-${sfx}@example.com`
      36 |   const byMaster = await master.post('/api/users', { data: { email, password: 'a-long-password-here', name: 'By Master', role: 'teacher', tenants: [{ tenant: portal }] } })
    > 37 |   expect(byMaster.ok(), 'the master desk can still add people').toBeTruthy()
         |                                                                 ^
      38 |   await master.delete(`/api/users/${(await byMaster.json()).doc.id}`)
      39 |   await Promise.all([anon.dispose(), admin.dispose(), master.dispose()])
      40 | })
        at /workspace/hearts-prototype/tests/e2e/security.spec.ts:37:65

    Error Context: test-results/security-the-create-first--178e4-y-outside-can-make-an-admin/error-context.md


  1 failed
    tests/e2e/security.spec.ts:9:1 › the create-first-user screen and first-register are closed, and nobody outside can make an admin 
EXIT:1 security.spec.ts try 1
===== security.spec.ts :: the create-first-user screen :: try 2 =====
Wiped the Postgres database (dropped the public schema).
[06:47:43] [33mWARN[39m: [36mNo email adapter provided. Email will be written to console. More info at https://payloadcms.com/docs/email/overview.[39m
[06:47:43] [32mINFO[39m: [36mReading migration files from /workspace/hearts-prototype/src/migrations[39m
[06:47:43] [32mINFO[39m: [36mMigrating: 20261003_103330_initial[39m
[06:47:43] [32mINFO[39m: [36mMigrated:  20261003_103330_initial (795ms)[39m
[06:47:43] [32mINFO[39m: [36mMigrating: 20261003_124500_integration_part1[39m
[06:47:44] [32mINFO[39m: [36mMigrated:  20261003_124500_integration_part1 (137ms)[39m
[06:47:44] [32mINFO[39m: [36mMigrating: 20261003_131651_integration_part2[39m
[06:47:44] [32mINFO[39m: [36mMigrated:  20261003_131651_integration_part2 (30ms)[39m
[06:47:44] [32mINFO[39m: [36mMigrating: 20261003_140611_harvest[39m
[06:47:44] [32mINFO[39m: [36mMigrated:  20261003_140611_harvest (15ms)[39m
[06:47:44] [32mINFO[39m: [36mMigrating: 20261003_180616_jibril_doors[39m
[06:47:44] [32mINFO[39m: [36mMigrated:  20261003_180616_jibril_doors (10ms)[39m
[06:47:44] [32mINFO[39m: [36mMigrating: 20261003_194500_line_tidy[39m
[06:47:44] [32mINFO[39m: [36mMigrated:  20261003_194500_line_tidy (1ms)[39m
[06:47:44] [32mINFO[39m: [36mMigrating: 20261003_200853_integration_final[39m
[06:47:44] [32mINFO[39m: [36mMigrated:  20261003_200853_integration_final (35ms)[39m
[06:47:44] [32mINFO[39m: [36mMigrating: 20261003_220000_feedback[39m
[06:47:44] [32mINFO[39m: [36mMigrated:  20261003_220000_feedback (26ms)[39m
[06:47:44] [32mINFO[39m: [36mMigrating: 20261004_031500_gather[39m
[06:47:44] [32mINFO[39m: [36mMigrated:  20261004_031500_gather (80ms)[39m
[06:47:44] [32mINFO[39m: [36mMigrating: 20261004_060000_shorts[39m
[06:47:44] [32mINFO[39m: [36mMigrated:  20261004_060000_shorts (2ms)[39m
[06:47:44] [32mINFO[39m: [36mMigrating: 20261004_061000_portal_time_zone[39m
[06:47:44] [32mINFO[39m: [36mMigrated:  20261004_061000_portal_time_zone (1ms)[39m
[06:47:44] [32mINFO[39m: [36mMigrating: 20261004_080000_lesson_picture_flags[39m
[06:47:44] [32mINFO[39m: [36mMigrated:  20261004_080000_lesson_picture_flags (2ms)[39m
[06:47:44] [32mINFO[39m: [36mMigrating: 20261004_120000_compass_v2[39m
[06:47:44] [32mINFO[39m: [36mMigrated:  20261004_120000_compass_v2 (52ms)[39m
[06:47:44] [32mINFO[39m: [36mMigrating: 20261004_180000_gather_entry_code[39m
[06:47:44] [32mINFO[39m: [36mMigrated:  20261004_180000_gather_entry_code (2ms)[39m
[06:47:44] [32mINFO[39m: [36mMigrating: 20261004_210000_schedule_minutes[39m
[06:47:44] [32mINFO[39m: [36mMigrated:  20261004_210000_schedule_minutes (1ms)[39m
[06:47:44] [32mINFO[39m: [36mMigrating: 20261004_230000_portal_features[39m
[06:47:44] [32mINFO[39m: [36mMigrated:  20261004_230000_portal_features (1ms)[39m
[06:47:44] [32mINFO[39m: [36mMigrating: 20261005_010000_admin_ops[39m
[06:47:44] [32mINFO[39m: [36mMigrated:  20261005_010000_admin_ops (47ms)[39m
[06:47:44] [32mINFO[39m: [36mMigrating: 20261005_020000_trash[39m
[06:47:44] [32mINFO[39m: [36mMigrated:  20261005_020000_trash (19ms)[39m
Harvest: 172 verses and hadith across 31 talks. No quotation found in 5: Gratitude is the Greatest Blessing | Gems from Ibn Ata Illah Ep. 1 | Shaykh Mikaeel Ahmed Smith; How to Manage Your Anger - Amjad Tarsin; Moments of Solitude: Closeness to God | Jummah Khutbah | Imam Khalid Latif | 3.11.2022; On Mosques, Companionship, & Knowledge; Quranic Connection #26: A Cure for Anxiety | Shaykh Suleiman Hani.
Harvest sample: 4 lines kept for Maryam.
Feedback demo: sample answers are on the East London and Leeds desks.
Seeded HEARTS. Master: master@hearts.test / hearts-master
Access codes (also on the master desk, and in data/seed-codes-test.json):
  elm-teacher    ELM-YXXF-FG3V
  elm-admin      ELM-MW6A-GX9W
  elm-learner    ELM-BA7E-EJ4E
  elm-parent     ELM-JYUD-Q3CP
  leeds-teacher  LEEDS-BYEP-JFAT
  leeds-learner  LEEDS-CJBH-9PP9

Running 1 test using 1 worker

(node:73718) Warning: The 'NO_COLOR' env is ignored due to the 'FORCE_COLOR' env being set.
(Use `node --trace-warnings ...` to show where the warning was created)


(node:73718) Warning: The 'NO_COLOR' env is ignored due to the 'FORCE_COLOR' env being set.
(Use `node --trace-warnings ...` to show where the warning was created)


[1/1] tests/e2e/security.spec.ts:9:1 › the create-first-user screen and first-register are closed, and nobody outside can make an admin
  1) tests/e2e/security.spec.ts:9:1 › the create-first-user screen and first-register are closed, and nobody outside can make an admin 

    Error: the master desk can still add people

    expect(received).toBeTruthy()

    Received: false

      35 |   const email = `by-master-${sfx}@example.com`
      36 |   const byMaster = await master.post('/api/users', { data: { email, password: 'a-long-password-here', name: 'By Master', role: 'teacher', tenants: [{ tenant: portal }] } })
    > 37 |   expect(byMaster.ok(), 'the master desk can still add people').toBeTruthy()
         |                                                                 ^
      38 |   await master.delete(`/api/users/${(await byMaster.json()).doc.id}`)
      39 |   await Promise.all([anon.dispose(), admin.dispose(), master.dispose()])
      40 | })
        at /workspace/hearts-prototype/tests/e2e/security.spec.ts:37:65

    Error Context: test-results/security-the-create-first--178e4-y-outside-can-make-an-admin/error-context.md


  1 failed
    tests/e2e/security.spec.ts:9:1 › the create-first-user screen and first-register are closed, and nobody outside can make an admin 
EXIT:1 security.spec.ts try 2
===== sheet-creator.spec.ts :: the creator drafts a sheet :: try 1 =====
Wiped the Postgres database (dropped the public schema).
[06:49:07] [33mWARN[39m: [36mNo email adapter provided. Email will be written to console. More info at https://payloadcms.com/docs/email/overview.[39m
[06:49:07] [32mINFO[39m: [36mReading migration files from /workspace/hearts-prototype/src/migrations[39m
[06:49:07] [32mINFO[39m: [36mMigrating: 20261003_103330_initial[39m
[06:49:08] [32mINFO[39m: [36mMigrated:  20261003_103330_initial (1088ms)[39m
[06:49:08] [32mINFO[39m: [36mMigrating: 20261003_124500_integration_part1[39m
[06:49:08] [32mINFO[39m: [36mMigrated:  20261003_124500_integration_part1 (219ms)[39m
[06:49:08] [32mINFO[39m: [36mMigrating: 20261003_131651_integration_part2[39m
[06:49:08] [32mINFO[39m: [36mMigrated:  20261003_131651_integration_part2 (35ms)[39m
[06:49:08] [32mINFO[39m: [36mMigrating: 20261003_140611_harvest[39m
[06:49:08] [32mINFO[39m: [36mMigrated:  20261003_140611_harvest (11ms)[39m
[06:49:08] [32mINFO[39m: [36mMigrating: 20261003_180616_jibril_doors[39m
[06:49:08] [32mINFO[39m: [36mMigrated:  20261003_180616_jibril_doors (11ms)[39m
[06:49:08] [32mINFO[39m: [36mMigrating: 20261003_194500_line_tidy[39m
[06:49:08] [32mINFO[39m: [36mMigrated:  20261003_194500_line_tidy (1ms)[39m
[06:49:08] [32mINFO[39m: [36mMigrating: 20261003_200853_integration_final[39m
[06:49:08] [32mINFO[39m: [36mMigrated:  20261003_200853_integration_final (42ms)[39m
[06:49:08] [32mINFO[39m: [36mMigrating: 20261003_220000_feedback[39m
[06:49:08] [32mINFO[39m: [36mMigrated:  20261003_220000_feedback (36ms)[39m
[06:49:08] [32mINFO[39m: [36mMigrating: 20261004_031500_gather[39m
[06:49:08] [32mINFO[39m: [36mMigrated:  20261004_031500_gather (77ms)[39m
[06:49:08] [32mINFO[39m: [36mMigrating: 20261004_060000_shorts[39m
[06:49:08] [32mINFO[39m: [36mMigrated:  20261004_060000_shorts (2ms)[39m
[06:49:08] [32mINFO[39m: [36mMigrating: 20261004_061000_portal_time_zone[39m
[06:49:08] [32mINFO[39m: [36mMigrated:  20261004_061000_portal_time_zone (1ms)[39m
[06:49:08] [32mINFO[39m: [36mMigrating: 20261004_080000_lesson_picture_flags[39m
[06:49:08] [32mINFO[39m: [36mMigrated:  20261004_080000_lesson_picture_flags (1ms)[39m
[06:49:08] [32mINFO[39m: [36mMigrating: 20261004_120000_compass_v2[39m
[06:49:08] [32mINFO[39m: [36mMigrated:  20261004_120000_compass_v2 (30ms)[39m
[06:49:08] [32mINFO[39m: [36mMigrating: 20261004_180000_gather_entry_code[39m
[06:49:08] [32mINFO[39m: [36mMigrated:  20261004_180000_gather_entry_code (1ms)[39m
[06:49:08] [32mINFO[39m: [36mMigrating: 20261004_210000_schedule_minutes[39m
[06:49:08] [32mINFO[39m: [36mMigrated:  20261004_210000_schedule_minutes (1ms)[39m
[06:49:08] [32mINFO[39m: [36mMigrating: 20261004_230000_portal_features[39m
[06:49:08] [32mINFO[39m: [36mMigrated:  20261004_230000_portal_features (1ms)[39m
[06:49:08] [32mINFO[39m: [36mMigrating: 20261005_010000_admin_ops[39m
[06:49:08] [32mINFO[39m: [36mMigrated:  20261005_010000_admin_ops (36ms)[39m
[06:49:08] [32mINFO[39m: [36mMigrating: 20261005_020000_trash[39m
[06:49:08] [32mINFO[39m: [36mMigrated:  20261005_020000_trash (13ms)[39m
Harvest: 172 verses and hadith across 31 talks. No quotation found in 5: Gratitude is the Greatest Blessing | Gems from Ibn Ata Illah Ep. 1 | Shaykh Mikaeel Ahmed Smith; How to Manage Your Anger - Amjad Tarsin; Moments of Solitude: Closeness to God | Jummah Khutbah | Imam Khalid Latif | 3.11.2022; On Mosques, Companionship, & Knowledge; Quranic Connection #26: A Cure for Anxiety | Shaykh Suleiman Hani.
Harvest sample: 4 lines kept for Maryam.
Feedback demo: sample answers are on the East London and Leeds desks.
Seeded HEARTS. Master: master@hearts.test / hearts-master
Access codes (also on the master desk, and in data/seed-codes-test.json):
  elm-teacher    ELM-T6DK-TJ3Q
  elm-admin      ELM-A739-6YDM
  elm-learner    ELM-H94N-EDP7
  elm-parent     ELM-GDRD-4PFB
  leeds-teacher  LEEDS-XPFP-B73P
  leeds-learner  LEEDS-W3CU-YH73

Running 1 test using 1 worker

(node:73921) Warning: The 'NO_COLOR' env is ignored due to the 'FORCE_COLOR' env being set.
(Use `node --trace-warnings ...` to show where the warning was created)


(node:73921) Warning: The 'NO_COLOR' env is ignored due to the 'FORCE_COLOR' env being set.
(Use `node --trace-warnings ...` to show where the warning was created)


[1/1] tests/e2e/sheet-creator.spec.ts:60:1 › the creator drafts a sheet, then a learner completes a task the imam can see
  1 passed (1.1m)
EXIT:0 sheet-creator.spec.ts try 1
===== sheet-creator.spec.ts :: the creator drafts a sheet :: try 2 =====
Wiped the Postgres database (dropped the public schema).
[06:50:11] [33mWARN[39m: [36mNo email adapter provided. Email will be written to console. More info at https://payloadcms.com/docs/email/overview.[39m
[06:50:11] [32mINFO[39m: [36mReading migration files from /workspace/hearts-prototype/src/migrations[39m
[06:50:11] [32mINFO[39m: [36mMigrating: 20261003_103330_initial[39m
[06:50:12] [32mINFO[39m: [36mMigrated:  20261003_103330_initial (895ms)[39m
[06:50:12] [32mINFO[39m: [36mMigrating: 20261003_124500_integration_part1[39m
[06:50:12] [32mINFO[39m: [36mMigrated:  20261003_124500_integration_part1 (141ms)[39m
[06:50:12] [32mINFO[39m: [36mMigrating: 20261003_131651_integration_part2[39m
[06:50:12] [32mINFO[39m: [36mMigrated:  20261003_131651_integration_part2 (31ms)[39m
[06:50:12] [32mINFO[39m: [36mMigrating: 20261003_140611_harvest[39m
[06:50:12] [32mINFO[39m: [36mMigrated:  20261003_140611_harvest (14ms)[39m
[06:50:12] [32mINFO[39m: [36mMigrating: 20261003_180616_jibril_doors[39m
[06:50:12] [32mINFO[39m: [36mMigrated:  20261003_180616_jibril_doors (9ms)[39m
[06:50:12] [32mINFO[39m: [36mMigrating: 20261003_194500_line_tidy[39m
[06:50:12] [32mINFO[39m: [36mMigrated:  20261003_194500_line_tidy (3ms)[39m
[06:50:12] [32mINFO[39m: [36mMigrating: 20261003_200853_integration_final[39m
[06:50:13] [32mINFO[39m: [36mMigrated:  20261003_200853_integration_final (29ms)[39m
[06:50:13] [32mINFO[39m: [36mMigrating: 20261003_220000_feedback[39m
[06:50:13] [32mINFO[39m: [36mMigrated:  20261003_220000_feedback (26ms)[39m
[06:50:13] [32mINFO[39m: [36mMigrating: 20261004_031500_gather[39m
[06:50:13] [32mINFO[39m: [36mMigrated:  20261004_031500_gather (67ms)[39m
[06:50:13] [32mINFO[39m: [36mMigrating: 20261004_060000_shorts[39m
[06:50:13] [32mINFO[39m: [36mMigrated:  20261004_060000_shorts (2ms)[39m
[06:50:13] [32mINFO[39m: [36mMigrating: 20261004_061000_portal_time_zone[39m
[06:50:13] [32mINFO[39m: [36mMigrated:  20261004_061000_portal_time_zone (1ms)[39m
[06:50:13] [32mINFO[39m: [36mMigrating: 20261004_080000_lesson_picture_flags[39m
[06:50:13] [32mINFO[39m: [36mMigrated:  20261004_080000_lesson_picture_flags (1ms)[39m
[06:50:13] [32mINFO[39m: [36mMigrating: 20261004_120000_compass_v2[39m
[06:50:13] [32mINFO[39m: [36mMigrated:  20261004_120000_compass_v2 (35ms)[39m
[06:50:13] [32mINFO[39m: [36mMigrating: 20261004_180000_gather_entry_code[39m
[06:50:13] [32mINFO[39m: [36mMigrated:  20261004_180000_gather_entry_code (1ms)[39m
[06:50:13] [32mINFO[39m: [36mMigrating: 20261004_210000_schedule_minutes[39m
[06:50:13] [32mINFO[39m: [36mMigrated:  20261004_210000_schedule_minutes (1ms)[39m
[06:50:13] [32mINFO[39m: [36mMigrating: 20261004_230000_portal_features[39m
[06:50:13] [32mINFO[39m: [36mMigrated:  20261004_230000_portal_features (1ms)[39m
[06:50:13] [32mINFO[39m: [36mMigrating: 20261005_010000_admin_ops[39m
[06:50:13] [32mINFO[39m: [36mMigrated:  20261005_010000_admin_ops (30ms)[39m
[06:50:13] [32mINFO[39m: [36mMigrating: 20261005_020000_trash[39m
[06:50:13] [32mINFO[39m: [36mMigrated:  20261005_020000_trash (15ms)[39m
Harvest: 172 verses and hadith across 31 talks. No quotation found in 5: Gratitude is the Greatest Blessing | Gems from Ibn Ata Illah Ep. 1 | Shaykh Mikaeel Ahmed Smith; How to Manage Your Anger - Amjad Tarsin; Moments of Solitude: Closeness to God | Jummah Khutbah | Imam Khalid Latif | 3.11.2022; On Mosques, Companionship, & Knowledge; Quranic Connection #26: A Cure for Anxiety | Shaykh Suleiman Hani.
Harvest sample: 4 lines kept for Maryam.
Feedback demo: sample answers are on the East London and Leeds desks.
Seeded HEARTS. Master: master@hearts.test / hearts-master
Access codes (also on the master desk, and in data/seed-codes-test.json):
  elm-teacher    ELM-674U-KBB7
  elm-admin      ELM-HC3T-XGXW
  elm-learner    ELM-KNY3-WRQ4
  elm-parent     ELM-RXDX-WE3M
  leeds-teacher  LEEDS-W86X-Q7H9
  leeds-learner  LEEDS-BA9C-8KVP

Running 1 test using 1 worker

(node:74351) Warning: The 'NO_COLOR' env is ignored due to the 'FORCE_COLOR' env being set.
(Use `node --trace-warnings ...` to show where the warning was created)


(node:74351) Warning: The 'NO_COLOR' env is ignored due to the 'FORCE_COLOR' env being set.
(Use `node --trace-warnings ...` to show where the warning was created)


[1/1] tests/e2e/sheet-creator.spec.ts:60:1 › the creator drafts a sheet, then a learner completes a task the imam can see
  1 passed (1.1m)
EXIT:0 sheet-creator.spec.ts try 2
===== sheet-packs.spec.ts :: the pack column puts a new course in the pack :: try 1 =====
Wiped the Postgres database (dropped the public schema).
[06:51:16] [33mWARN[39m: [36mNo email adapter provided. Email will be written to console. More info at https://payloadcms.com/docs/email/overview.[39m
[06:51:16] [32mINFO[39m: [36mReading migration files from /workspace/hearts-prototype/src/migrations[39m
[06:51:16] [32mINFO[39m: [36mMigrating: 20261003_103330_initial[39m
[06:51:16] [32mINFO[39m: [36mMigrated:  20261003_103330_initial (765ms)[39m
[06:51:16] [32mINFO[39m: [36mMigrating: 20261003_124500_integration_part1[39m
[06:51:17] [32mINFO[39m: [36mMigrated:  20261003_124500_integration_part1 (115ms)[39m
[06:51:17] [32mINFO[39m: [36mMigrating: 20261003_131651_integration_part2[39m
[06:51:17] [32mINFO[39m: [36mMigrated:  20261003_131651_integration_part2 (24ms)[39m
[06:51:17] [32mINFO[39m: [36mMigrating: 20261003_140611_harvest[39m
[06:51:17] [32mINFO[39m: [36mMigrated:  20261003_140611_harvest (9ms)[39m
[06:51:17] [32mINFO[39m: [36mMigrating: 20261003_180616_jibril_doors[39m
[06:51:17] [32mINFO[39m: [36mMigrated:  20261003_180616_jibril_doors (13ms)[39m
[06:51:17] [32mINFO[39m: [36mMigrating: 20261003_194500_line_tidy[39m
[06:51:17] [32mINFO[39m: [36mMigrated:  20261003_194500_line_tidy (1ms)[39m
[06:51:17] [32mINFO[39m: [36mMigrating: 20261003_200853_integration_final[39m
[06:51:17] [32mINFO[39m: [36mMigrated:  20261003_200853_integration_final (27ms)[39m
[06:51:17] [32mINFO[39m: [36mMigrating: 20261003_220000_feedback[39m
[06:51:17] [32mINFO[39m: [36mMigrated:  20261003_220000_feedback (30ms)[39m
[06:51:17] [32mINFO[39m: [36mMigrating: 20261004_031500_gather[39m
[06:51:17] [32mINFO[39m: [36mMigrated:  20261004_031500_gather (114ms)[39m
[06:51:17] [32mINFO[39m: [36mMigrating: 20261004_060000_shorts[39m
[06:51:17] [32mINFO[39m: [36mMigrated:  20261004_060000_shorts (5ms)[39m
[06:51:17] [32mINFO[39m: [36mMigrating: 20261004_061000_portal_time_zone[39m
[06:51:17] [32mINFO[39m: [36mMigrated:  20261004_061000_portal_time_zone (1ms)[39m
[06:51:17] [32mINFO[39m: [36mMigrating: 20261004_080000_lesson_picture_flags[39m
[06:51:17] [32mINFO[39m: [36mMigrated:  20261004_080000_lesson_picture_flags (2ms)[39m
[06:51:17] [32mINFO[39m: [36mMigrating: 20261004_120000_compass_v2[39m
[06:51:17] [32mINFO[39m: [36mMigrated:  20261004_120000_compass_v2 (47ms)[39m
[06:51:17] [32mINFO[39m: [36mMigrating: 20261004_180000_gather_entry_code[39m
[06:51:17] [32mINFO[39m: [36mMigrated:  20261004_180000_gather_entry_code (1ms)[39m
[06:51:17] [32mINFO[39m: [36mMigrating: 20261004_210000_schedule_minutes[39m
[06:51:17] [32mINFO[39m: [36mMigrated:  20261004_210000_schedule_minutes (1ms)[39m
[06:51:17] [32mINFO[39m: [36mMigrating: 20261004_230000_portal_features[39m
[06:51:17] [32mINFO[39m: [36mMigrated:  20261004_230000_portal_features (1ms)[39m
[06:51:17] [32mINFO[39m: [36mMigrating: 20261005_010000_admin_ops[39m
[06:51:17] [32mINFO[39m: [36mMigrated:  20261005_010000_admin_ops (37ms)[39m
[06:51:17] [32mINFO[39m: [36mMigrating: 20261005_020000_trash[39m
[06:51:17] [32mINFO[39m: [36mMigrated:  20261005_020000_trash (20ms)[39m
Harvest: 172 verses and hadith across 31 talks. No quotation found in 5: Gratitude is the Greatest Blessing | Gems from Ibn Ata Illah Ep. 1 | Shaykh Mikaeel Ahmed Smith; How to Manage Your Anger - Amjad Tarsin; Moments of Solitude: Closeness to God | Jummah Khutbah | Imam Khalid Latif | 3.11.2022; On Mosques, Companionship, & Knowledge; Quranic Connection #26: A Cure for Anxiety | Shaykh Suleiman Hani.
Harvest sample: 4 lines kept for Maryam.
Feedback demo: sample answers are on the East London and Leeds desks.
Seeded HEARTS. Master: master@hearts.test / hearts-master
Access codes (also on the master desk, and in data/seed-codes-test.json):
  elm-teacher    ELM-7R3R-4DJB
  elm-admin      ELM-8KPV-AKKJ
  elm-learner    ELM-P4NE-D3WP
  elm-parent     ELM-RU64-3DNH
  leeds-teacher  LEEDS-BNCD-HHWB
  leeds-learner  LEEDS-4VMJ-UYKA

Running 1 test using 1 worker

(node:74788) Warning: The 'NO_COLOR' env is ignored due to the 'FORCE_COLOR' env being set.
(Use `node --trace-warnings ...` to show where the warning was created)


(node:74788) Warning: The 'NO_COLOR' env is ignored due to the 'FORCE_COLOR' env being set.
(Use `node --trace-warnings ...` to show where the warning was created)


[1/1] tests/e2e/sheet-packs.spec.ts:65:1 › the pack column puts a new course in the pack; without the tick box existing learners are left as they are, and that is logged
  1) tests/e2e/sheet-packs.spec.ts:65:1 › the pack column puts a new course in the pack; without the tick box existing learners are left as they are, and that is logged 

    "beforeAll" hook timeout of 180000ms exceeded.

      39 | test.describe.configure({ mode: 'serial' })
      40 |
    > 41 | test.beforeAll(async () => {
         |      ^
      42 |   master = await as('master@hearts.test', 'hearts-master')
      43 |   packId = (await json(await master.post('/api/packs', { data: { title: PACK, owner: 'master', courses: [] } }))).doc.id
      44 |   const joiner = await as(undefined, undefined, {})
        at /workspace/hearts-prototype/tests/e2e/sheet-packs.spec.ts:41:6

    "afterAll" hook timeout of 180000ms exceeded.

      50 | })
      51 |
    > 52 | test.afterAll(async () => {
         |      ^
      53 |   for (const title of [FIRST, SECOND]) {
      54 |     const id = await courseId(title)
      55 |     if (id) {
        at /workspace/hearts-prototype/tests/e2e/sheet-packs.spec.ts:52:6

    Error Context: test-results/sheet-packs-the-pack-colum-903a4-they-are-and-that-is-logged/error-context.md

    Error Context: test-results/sheet-packs-the-pack-colum-903a4-they-are-and-that-is-logged/error-context.md


  1 failed
    tests/e2e/sheet-packs.spec.ts:65:1 › the pack column puts a new course in the pack; without the tick box existing learners are left as they are, and that is logged 
EXIT:1 sheet-packs.spec.ts try 1
===== sheet-packs.spec.ts :: the pack column puts a new course in the pack :: try 2 =====
Wiped the Postgres database (dropped the public schema).
[06:57:49] [33mWARN[39m: [36mNo email adapter provided. Email will be written to console. More info at https://payloadcms.com/docs/email/overview.[39m
[06:57:49] [32mINFO[39m: [36mReading migration files from /workspace/hearts-prototype/src/migrations[39m
[06:57:49] [32mINFO[39m: [36mMigrating: 20261003_103330_initial[39m
[06:57:50] [32mINFO[39m: [36mMigrated:  20261003_103330_initial (866ms)[39m
[06:57:50] [32mINFO[39m: [36mMigrating: 20261003_124500_integration_part1[39m
[06:57:50] [32mINFO[39m: [36mMigrated:  20261003_124500_integration_part1 (190ms)[39m
[06:57:50] [32mINFO[39m: [36mMigrating: 20261003_131651_integration_part2[39m
[06:57:50] [32mINFO[39m: [36mMigrated:  20261003_131651_integration_part2 (25ms)[39m
[06:57:50] [32mINFO[39m: [36mMigrating: 20261003_140611_harvest[39m
[06:57:50] [32mINFO[39m: [36mMigrated:  20261003_140611_harvest (10ms)[39m
[06:57:50] [32mINFO[39m: [36mMigrating: 20261003_180616_jibril_doors[39m
[06:57:50] [32mINFO[39m: [36mMigrated:  20261003_180616_jibril_doors (11ms)[39m
[06:57:50] [32mINFO[39m: [36mMigrating: 20261003_194500_line_tidy[39m
[06:57:50] [32mINFO[39m: [36mMigrated:  20261003_194500_line_tidy (1ms)[39m
[06:57:50] [32mINFO[39m: [36mMigrating: 20261003_200853_integration_final[39m
[06:57:50] [32mINFO[39m: [36mMigrated:  20261003_200853_integration_final (25ms)[39m
[06:57:50] [32mINFO[39m: [36mMigrating: 20261003_220000_feedback[39m
[06:57:50] [32mINFO[39m: [36mMigrated:  20261003_220000_feedback (29ms)[39m
[06:57:50] [32mINFO[39m: [36mMigrating: 20261004_031500_gather[39m
[06:57:50] [32mINFO[39m: [36mMigrated:  20261004_031500_gather (51ms)[39m
[06:57:50] [32mINFO[39m: [36mMigrating: 20261004_060000_shorts[39m
[06:57:50] [32mINFO[39m: [36mMigrated:  20261004_060000_shorts (2ms)[39m
[06:57:50] [32mINFO[39m: [36mMigrating: 20261004_061000_portal_time_zone[39m
[06:57:50] [32mINFO[39m: [36mMigrated:  20261004_061000_portal_time_zone (1ms)[39m
[06:57:50] [32mINFO[39m: [36mMigrating: 20261004_080000_lesson_picture_flags[39m
[06:57:50] [32mINFO[39m: [36mMigrated:  20261004_080000_lesson_picture_flags (1ms)[39m
[06:57:50] [32mINFO[39m: [36mMigrating: 20261004_120000_compass_v2[39m
[06:57:50] [32mINFO[39m: [36mMigrated:  20261004_120000_compass_v2 (40ms)[39m
[06:57:50] [32mINFO[39m: [36mMigrating: 20261004_180000_gather_entry_code[39m
[06:57:50] [32mINFO[39m: [36mMigrated:  20261004_180000_gather_entry_code (1ms)[39m
[06:57:50] [32mINFO[39m: [36mMigrating: 20261004_210000_schedule_minutes[39m
[06:57:50] [32mINFO[39m: [36mMigrated:  20261004_210000_schedule_minutes (1ms)[39m
[06:57:50] [32mINFO[39m: [36mMigrating: 20261004_230000_portal_features[39m
[06:57:50] [32mINFO[39m: [36mMigrated:  20261004_230000_portal_features (1ms)[39m
[06:57:50] [32mINFO[39m: [36mMigrating: 20261005_010000_admin_ops[39m
[06:57:50] [32mINFO[39m: [36mMigrated:  20261005_010000_admin_ops (34ms)[39m
[06:57:50] [32mINFO[39m: [36mMigrating: 20261005_020000_trash[39m
[06:57:50] [32mINFO[39m: [36mMigrated:  20261005_020000_trash (21ms)[39m
Harvest: 172 verses and hadith across 31 talks. No quotation found in 5: Gratitude is the Greatest Blessing | Gems from Ibn Ata Illah Ep. 1 | Shaykh Mikaeel Ahmed Smith; How to Manage Your Anger - Amjad Tarsin; Moments of Solitude: Closeness to God | Jummah Khutbah | Imam Khalid Latif | 3.11.2022; On Mosques, Companionship, & Knowledge; Quranic Connection #26: A Cure for Anxiety | Shaykh Suleiman Hani.
Harvest sample: 4 lines kept for Maryam.
Feedback demo: sample answers are on the East London and Leeds desks.
Seeded HEARTS. Master: master@hearts.test / hearts-master
Access codes (also on the master desk, and in data/seed-codes-test.json):
  elm-teacher    ELM-YEDX-G9KB
  elm-admin      ELM-AXPJ-CXXR
  elm-learner    ELM-MYVA-67UJ
  elm-parent     ELM-YXCP-Y76P
  leeds-teacher  LEEDS-ACHG-PNEH
  leeds-learner  LEEDS-M7FB-RJXC

Running 1 test using 1 worker

(node:75051) Warning: The 'NO_COLOR' env is ignored due to the 'FORCE_COLOR' env being set.
(Use `node --trace-warnings ...` to show where the warning was created)


(node:75051) Warning: The 'NO_COLOR' env is ignored due to the 'FORCE_COLOR' env being set.
(Use `node --trace-warnings ...` to show where the warning was created)


[1/1] tests/e2e/sheet-packs.spec.ts:65:1 › the pack column puts a new course in the pack; without the tick box existing learners are left as they are, and that is logged
  1) tests/e2e/sheet-packs.spec.ts:65:1 › the pack column puts a new course in the pack; without the tick box existing learners are left as they are, and that is logged 

    "beforeAll" hook timeout of 180000ms exceeded.

      39 | test.describe.configure({ mode: 'serial' })
      40 |
    > 41 | test.beforeAll(async () => {
         |      ^
      42 |   master = await as('master@hearts.test', 'hearts-master')
      43 |   packId = (await json(await master.post('/api/packs', { data: { title: PACK, owner: 'master', courses: [] } }))).doc.id
      44 |   const joiner = await as(undefined, undefined, {})
        at /workspace/hearts-prototype/tests/e2e/sheet-packs.spec.ts:41:6

    "afterAll" hook timeout of 180000ms exceeded.

      50 | })
      51 |
    > 52 | test.afterAll(async () => {
         |      ^
      53 |   for (const title of [FIRST, SECOND]) {
      54 |     const id = await courseId(title)
      55 |     if (id) {
        at /workspace/hearts-prototype/tests/e2e/sheet-packs.spec.ts:52:6

    Error Context: test-results/sheet-packs-the-pack-colum-903a4-they-are-and-that-is-logged/error-context.md

    Error Context: test-results/sheet-packs-the-pack-colum-903a4-they-are-and-that-is-logged/error-context.md


  1 failed
    tests/e2e/sheet-packs.spec.ts:65:1 › the pack column puts a new course in the pack; without the tick box existing learners are left as they are, and that is logged 
EXIT:1 sheet-packs.spec.ts try 2
===== typography.spec.ts :: Typography panel lists the five styles :: try 1 =====
Wiped the Postgres database (dropped the public schema).
[07:04:23] [33mWARN[39m: [36mNo email adapter provided. Email will be written to console. More info at https://payloadcms.com/docs/email/overview.[39m
[07:04:23] [32mINFO[39m: [36mReading migration files from /workspace/hearts-prototype/src/migrations[39m
[07:04:23] [32mINFO[39m: [36mMigrating: 20261003_103330_initial[39m
[07:04:24] [32mINFO[39m: [36mMigrated:  20261003_103330_initial (968ms)[39m
[07:04:24] [32mINFO[39m: [36mMigrating: 20261003_124500_integration_part1[39m
[07:04:24] [32mINFO[39m: [36mMigrated:  20261003_124500_integration_part1 (141ms)[39m
[07:04:24] [32mINFO[39m: [36mMigrating: 20261003_131651_integration_part2[39m
[07:04:24] [32mINFO[39m: [36mMigrated:  20261003_131651_integration_part2 (51ms)[39m
[07:04:24] [32mINFO[39m: [36mMigrating: 20261003_140611_harvest[39m
[07:04:24] [32mINFO[39m: [36mMigrated:  20261003_140611_harvest (26ms)[39m
[07:04:24] [32mINFO[39m: [36mMigrating: 20261003_180616_jibril_doors[39m
[07:04:24] [32mINFO[39m: [36mMigrated:  20261003_180616_jibril_doors (12ms)[39m
[07:04:24] [32mINFO[39m: [36mMigrating: 20261003_194500_line_tidy[39m
[07:04:24] [32mINFO[39m: [36mMigrated:  20261003_194500_line_tidy (2ms)[39m
[07:04:24] [32mINFO[39m: [36mMigrating: 20261003_200853_integration_final[39m
[07:04:24] [32mINFO[39m: [36mMigrated:  20261003_200853_integration_final (35ms)[39m
[07:04:24] [32mINFO[39m: [36mMigrating: 20261003_220000_feedback[39m
[07:04:24] [32mINFO[39m: [36mMigrated:  20261003_220000_feedback (35ms)[39m
[07:04:24] [32mINFO[39m: [36mMigrating: 20261004_031500_gather[39m
[07:04:24] [32mINFO[39m: [36mMigrated:  20261004_031500_gather (97ms)[39m
[07:04:24] [32mINFO[39m: [36mMigrating: 20261004_060000_shorts[39m
[07:04:24] [32mINFO[39m: [36mMigrated:  20261004_060000_shorts (2ms)[39m
[07:04:24] [32mINFO[39m: [36mMigrating: 20261004_061000_portal_time_zone[39m
[07:04:24] [32mINFO[39m: [36mMigrated:  20261004_061000_portal_time_zone (2ms)[39m
[07:04:24] [32mINFO[39m: [36mMigrating: 20261004_080000_lesson_picture_flags[39m
[07:04:24] [32mINFO[39m: [36mMigrated:  20261004_080000_lesson_picture_flags (2ms)[39m
[07:04:24] [32mINFO[39m: [36mMigrating: 20261004_120000_compass_v2[39m
[07:04:24] [32mINFO[39m: [36mMigrated:  20261004_120000_compass_v2 (34ms)[39m
[07:04:24] [32mINFO[39m: [36mMigrating: 20261004_180000_gather_entry_code[39m
[07:04:24] [32mINFO[39m: [36mMigrated:  20261004_180000_gather_entry_code (1ms)[39m
[07:04:24] [32mINFO[39m: [36mMigrating: 20261004_210000_schedule_minutes[39m
[07:04:24] [32mINFO[39m: [36mMigrated:  20261004_210000_schedule_minutes (2ms)[39m
[07:04:24] [32mINFO[39m: [36mMigrating: 20261004_230000_portal_features[39m
[07:04:24] [32mINFO[39m: [36mMigrated:  20261004_230000_portal_features (1ms)[39m
[07:04:24] [32mINFO[39m: [36mMigrating: 20261005_010000_admin_ops[39m
[07:04:24] [32mINFO[39m: [36mMigrated:  20261005_010000_admin_ops (29ms)[39m
[07:04:24] [32mINFO[39m: [36mMigrating: 20261005_020000_trash[39m
[07:04:24] [32mINFO[39m: [36mMigrated:  20261005_020000_trash (15ms)[39m
Harvest: 172 verses and hadith across 31 talks. No quotation found in 5: Gratitude is the Greatest Blessing | Gems from Ibn Ata Illah Ep. 1 | Shaykh Mikaeel Ahmed Smith; How to Manage Your Anger - Amjad Tarsin; Moments of Solitude: Closeness to God | Jummah Khutbah | Imam Khalid Latif | 3.11.2022; On Mosques, Companionship, & Knowledge; Quranic Connection #26: A Cure for Anxiety | Shaykh Suleiman Hani.
Harvest sample: 4 lines kept for Maryam.
Feedback demo: sample answers are on the East London and Leeds desks.
Seeded HEARTS. Master: master@hearts.test / hearts-master
Access codes (also on the master desk, and in data/seed-codes-test.json):
  elm-teacher    ELM-R7UF-QY3T
  elm-admin      ELM-7MY7-CCUF
  elm-learner    ELM-J6XR-W96G
  elm-parent     ELM-MAWY-N8Y6
  leeds-teacher  LEEDS-KM6G-F3YB
  leeds-learner  LEEDS-QN8B-D9WE

Running 1 test using 1 worker

(node:75354) Warning: The 'NO_COLOR' env is ignored due to the 'FORCE_COLOR' env being set.
(Use `node --trace-warnings ...` to show where the warning was created)


(node:75354) Warning: The 'NO_COLOR' env is ignored due to the 'FORCE_COLOR' env being set.
(Use `node --trace-warnings ...` to show where the warning was created)


[1/1] tests/e2e/typography.spec.ts:27:1 › Typography panel lists the five styles and can stand in for the hors d’oeuvre
  1 passed (1.0m)
EXIT:0 typography.spec.ts try 1
===== typography.spec.ts :: Typography panel lists the five styles :: try 2 =====
Wiped the Postgres database (dropped the public schema).
[07:05:24] [33mWARN[39m: [36mNo email adapter provided. Email will be written to console. More info at https://payloadcms.com/docs/email/overview.[39m
[07:05:24] [32mINFO[39m: [36mReading migration files from /workspace/hearts-prototype/src/migrations[39m
[07:05:24] [32mINFO[39m: [36mMigrating: 20261003_103330_initial[39m
[07:05:25] [32mINFO[39m: [36mMigrated:  20261003_103330_initial (800ms)[39m
[07:05:25] [32mINFO[39m: [36mMigrating: 20261003_124500_integration_part1[39m
[07:05:25] [32mINFO[39m: [36mMigrated:  20261003_124500_integration_part1 (169ms)[39m
[07:05:25] [32mINFO[39m: [36mMigrating: 20261003_131651_integration_part2[39m
[07:05:25] [32mINFO[39m: [36mMigrated:  20261003_131651_integration_part2 (43ms)[39m
[07:05:25] [32mINFO[39m: [36mMigrating: 20261003_140611_harvest[39m
[07:05:25] [32mINFO[39m: [36mMigrated:  20261003_140611_harvest (12ms)[39m
[07:05:25] [32mINFO[39m: [36mMigrating: 20261003_180616_jibril_doors[39m
[07:05:25] [32mINFO[39m: [36mMigrated:  20261003_180616_jibril_doors (22ms)[39m
[07:05:25] [32mINFO[39m: [36mMigrating: 20261003_194500_line_tidy[39m
[07:05:25] [32mINFO[39m: [36mMigrated:  20261003_194500_line_tidy (1ms)[39m
[07:05:25] [32mINFO[39m: [36mMigrating: 20261003_200853_integration_final[39m
[07:05:25] [32mINFO[39m: [36mMigrated:  20261003_200853_integration_final (34ms)[39m
[07:05:25] [32mINFO[39m: [36mMigrating: 20261003_220000_feedback[39m
[07:05:25] [32mINFO[39m: [36mMigrated:  20261003_220000_feedback (20ms)[39m
[07:05:25] [32mINFO[39m: [36mMigrating: 20261004_031500_gather[39m
[07:05:25] [32mINFO[39m: [36mMigrated:  20261004_031500_gather (59ms)[39m
[07:05:25] [32mINFO[39m: [36mMigrating: 20261004_060000_shorts[39m
[07:05:25] [32mINFO[39m: [36mMigrated:  20261004_060000_shorts (1ms)[39m
[07:05:25] [32mINFO[39m: [36mMigrating: 20261004_061000_portal_time_zone[39m
[07:05:25] [32mINFO[39m: [36mMigrated:  20261004_061000_portal_time_zone (1ms)[39m
[07:05:25] [32mINFO[39m: [36mMigrating: 20261004_080000_lesson_picture_flags[39m
[07:05:25] [32mINFO[39m: [36mMigrated:  20261004_080000_lesson_picture_flags (1ms)[39m
[07:05:25] [32mINFO[39m: [36mMigrating: 20261004_120000_compass_v2[39m
[07:05:25] [32mINFO[39m: [36mMigrated:  20261004_120000_compass_v2 (30ms)[39m
[07:05:25] [32mINFO[39m: [36mMigrating: 20261004_180000_gather_entry_code[39m
[07:05:25] [32mINFO[39m: [36mMigrated:  20261004_180000_gather_entry_code (1ms)[39m
[07:05:25] [32mINFO[39m: [36mMigrating: 20261004_210000_schedule_minutes[39m
[07:05:25] [32mINFO[39m: [36mMigrated:  20261004_210000_schedule_minutes (0ms)[39m
[07:05:25] [32mINFO[39m: [36mMigrating: 20261004_230000_portal_features[39m
[07:05:25] [32mINFO[39m: [36mMigrated:  20261004_230000_portal_features (1ms)[39m
[07:05:25] [32mINFO[39m: [36mMigrating: 20261005_010000_admin_ops[39m
[07:05:25] [32mINFO[39m: [36mMigrated:  20261005_010000_admin_ops (28ms)[39m
[07:05:25] [32mINFO[39m: [36mMigrating: 20261005_020000_trash[39m
[07:05:25] [32mINFO[39m: [36mMigrated:  20261005_020000_trash (16ms)[39m
Harvest: 172 verses and hadith across 31 talks. No quotation found in 5: Gratitude is the Greatest Blessing | Gems from Ibn Ata Illah Ep. 1 | Shaykh Mikaeel Ahmed Smith; How to Manage Your Anger - Amjad Tarsin; Moments of Solitude: Closeness to God | Jummah Khutbah | Imam Khalid Latif | 3.11.2022; On Mosques, Companionship, & Knowledge; Quranic Connection #26: A Cure for Anxiety | Shaykh Suleiman Hani.
Harvest sample: 4 lines kept for Maryam.
Feedback demo: sample answers are on the East London and Leeds desks.
Seeded HEARTS. Master: master@hearts.test / hearts-master
Access codes (also on the master desk, and in data/seed-codes-test.json):
  elm-teacher    ELM-WBBD-339X
  elm-admin      ELM-6H43-KMTR
  elm-learner    ELM-9VWM-TFVY
  elm-parent     ELM-YE63-W64W
  leeds-teacher  LEEDS-H4DC-AFCR
  leeds-learner  LEEDS-3KG9-VT3C

Running 1 test using 1 worker

(node:75737) Warning: The 'NO_COLOR' env is ignored due to the 'FORCE_COLOR' env being set.
(Use `node --trace-warnings ...` to show where the warning was created)


(node:75737) Warning: The 'NO_COLOR' env is ignored due to the 'FORCE_COLOR' env being set.
(Use `node --trace-warnings ...` to show where the warning was created)


[1/1] tests/e2e/typography.spec.ts:27:1 › Typography panel lists the five styles and can stand in for the hors d’oeuvre
  1 passed (58.3s)
EXIT:0 typography.spec.ts try 2
===== view-as.spec.ts :: a portal admin views as a learner with a reason :: try 1 =====
Wiped the Postgres database (dropped the public schema).
[07:06:24] [33mWARN[39m: [36mNo email adapter provided. Email will be written to console. More info at https://payloadcms.com/docs/email/overview.[39m
[07:06:24] [32mINFO[39m: [36mReading migration files from /workspace/hearts-prototype/src/migrations[39m
[07:06:24] [32mINFO[39m: [36mMigrating: 20261003_103330_initial[39m
[07:06:24] [32mINFO[39m: [36mMigrated:  20261003_103330_initial (718ms)[39m
[07:06:24] [32mINFO[39m: [36mMigrating: 20261003_124500_integration_part1[39m
[07:06:25] [32mINFO[39m: [36mMigrated:  20261003_124500_integration_part1 (160ms)[39m
[07:06:25] [32mINFO[39m: [36mMigrating: 20261003_131651_integration_part2[39m
[07:06:25] [32mINFO[39m: [36mMigrated:  20261003_131651_integration_part2 (31ms)[39m
[07:06:25] [32mINFO[39m: [36mMigrating: 20261003_140611_harvest[39m
[07:06:25] [32mINFO[39m: [36mMigrated:  20261003_140611_harvest (12ms)[39m
[07:06:25] [32mINFO[39m: [36mMigrating: 20261003_180616_jibril_doors[39m
[07:06:25] [32mINFO[39m: [36mMigrated:  20261003_180616_jibril_doors (9ms)[39m
[07:06:25] [32mINFO[39m: [36mMigrating: 20261003_194500_line_tidy[39m
[07:06:25] [32mINFO[39m: [36mMigrated:  20261003_194500_line_tidy (1ms)[39m
[07:06:25] [32mINFO[39m: [36mMigrating: 20261003_200853_integration_final[39m
[07:06:25] [32mINFO[39m: [36mMigrated:  20261003_200853_integration_final (28ms)[39m
[07:06:25] [32mINFO[39m: [36mMigrating: 20261003_220000_feedback[39m
[07:06:25] [32mINFO[39m: [36mMigrated:  20261003_220000_feedback (30ms)[39m
[07:06:25] [32mINFO[39m: [36mMigrating: 20261004_031500_gather[39m
[07:06:25] [32mINFO[39m: [36mMigrated:  20261004_031500_gather (55ms)[39m
[07:06:25] [32mINFO[39m: [36mMigrating: 20261004_060000_shorts[39m
[07:06:25] [32mINFO[39m: [36mMigrated:  20261004_060000_shorts (3ms)[39m
[07:06:25] [32mINFO[39m: [36mMigrating: 20261004_061000_portal_time_zone[39m
[07:06:25] [32mINFO[39m: [36mMigrated:  20261004_061000_portal_time_zone (1ms)[39m
[07:06:25] [32mINFO[39m: [36mMigrating: 20261004_080000_lesson_picture_flags[39m
[07:06:25] [32mINFO[39m: [36mMigrated:  20261004_080000_lesson_picture_flags (1ms)[39m
[07:06:25] [32mINFO[39m: [36mMigrating: 20261004_120000_compass_v2[39m
[07:06:25] [32mINFO[39m: [36mMigrated:  20261004_120000_compass_v2 (25ms)[39m
[07:06:25] [32mINFO[39m: [36mMigrating: 20261004_180000_gather_entry_code[39m
[07:06:25] [32mINFO[39m: [36mMigrated:  20261004_180000_gather_entry_code (1ms)[39m
[07:06:25] [32mINFO[39m: [36mMigrating: 20261004_210000_schedule_minutes[39m
[07:06:25] [32mINFO[39m: [36mMigrated:  20261004_210000_schedule_minutes (0ms)[39m
[07:06:25] [32mINFO[39m: [36mMigrating: 20261004_230000_portal_features[39m
[07:06:25] [32mINFO[39m: [36mMigrated:  20261004_230000_portal_features (1ms)[39m
[07:06:25] [32mINFO[39m: [36mMigrating: 20261005_010000_admin_ops[39m
[07:06:25] [32mINFO[39m: [36mMigrated:  20261005_010000_admin_ops (20ms)[39m
[07:06:25] [32mINFO[39m: [36mMigrating: 20261005_020000_trash[39m
[07:06:25] [32mINFO[39m: [36mMigrated:  20261005_020000_trash (11ms)[39m
Harvest: 172 verses and hadith across 31 talks. No quotation found in 5: Gratitude is the Greatest Blessing | Gems from Ibn Ata Illah Ep. 1 | Shaykh Mikaeel Ahmed Smith; How to Manage Your Anger - Amjad Tarsin; Moments of Solitude: Closeness to God | Jummah Khutbah | Imam Khalid Latif | 3.11.2022; On Mosques, Companionship, & Knowledge; Quranic Connection #26: A Cure for Anxiety | Shaykh Suleiman Hani.
Harvest sample: 4 lines kept for Maryam.
Feedback demo: sample answers are on the East London and Leeds desks.
Seeded HEARTS. Master: master@hearts.test / hearts-master
Access codes (also on the master desk, and in data/seed-codes-test.json):
  elm-teacher    ELM-YP3R-GNPE
  elm-admin      ELM-M9QF-U4CM
  elm-learner    ELM-KPE3-E38J
  elm-parent     ELM-RDHC-PC96
  leeds-teacher  LEEDS-NUUD-CRVB
  leeds-learner  LEEDS-3JTD-WJPU

Running 1 test using 1 worker

(node:76122) Warning: The 'NO_COLOR' env is ignored due to the 'FORCE_COLOR' env being set.
(Use `node --trace-warnings ...` to show where the warning was created)


(node:76122) Warning: The 'NO_COLOR' env is ignored due to the 'FORCE_COLOR' env being set.
(Use `node --trace-warnings ...` to show where the warning was created)


[1/1] tests/e2e/view-as.spec.ts:51:3 › view as › 38. a portal admin views as a learner with a reason, read-only by default
  1 passed (48.7s)
EXIT:0 view-as.spec.ts try 1
===== view-as.spec.ts :: a portal admin views as a learner with a reason :: try 2 =====
Wiped the Postgres database (dropped the public schema).
[07:07:12] [33mWARN[39m: [36mNo email adapter provided. Email will be written to console. More info at https://payloadcms.com/docs/email/overview.[39m
[07:07:12] [32mINFO[39m: [36mReading migration files from /workspace/hearts-prototype/src/migrations[39m
[07:07:13] [32mINFO[39m: [36mMigrating: 20261003_103330_initial[39m
[07:07:13] [32mINFO[39m: [36mMigrated:  20261003_103330_initial (807ms)[39m
[07:07:13] [32mINFO[39m: [36mMigrating: 20261003_124500_integration_part1[39m
[07:07:13] [32mINFO[39m: [36mMigrated:  20261003_124500_integration_part1 (124ms)[39m
[07:07:13] [32mINFO[39m: [36mMigrating: 20261003_131651_integration_part2[39m
[07:07:13] [32mINFO[39m: [36mMigrated:  20261003_131651_integration_part2 (26ms)[39m
[07:07:13] [32mINFO[39m: [36mMigrating: 20261003_140611_harvest[39m
[07:07:13] [32mINFO[39m: [36mMigrated:  20261003_140611_harvest (8ms)[39m
[07:07:13] [32mINFO[39m: [36mMigrating: 20261003_180616_jibril_doors[39m
[07:07:13] [32mINFO[39m: [36mMigrated:  20261003_180616_jibril_doors (14ms)[39m
[07:07:13] [32mINFO[39m: [36mMigrating: 20261003_194500_line_tidy[39m
[07:07:13] [32mINFO[39m: [36mMigrated:  20261003_194500_line_tidy (1ms)[39m
[07:07:14] [32mINFO[39m: [36mMigrating: 20261003_200853_integration_final[39m
[07:07:14] [32mINFO[39m: [36mMigrated:  20261003_200853_integration_final (30ms)[39m
[07:07:14] [32mINFO[39m: [36mMigrating: 20261003_220000_feedback[39m
[07:07:14] [32mINFO[39m: [36mMigrated:  20261003_220000_feedback (29ms)[39m
[07:07:14] [32mINFO[39m: [36mMigrating: 20261004_031500_gather[39m
[07:07:14] [32mINFO[39m: [36mMigrated:  20261004_031500_gather (66ms)[39m
[07:07:14] [32mINFO[39m: [36mMigrating: 20261004_060000_shorts[39m
[07:07:14] [32mINFO[39m: [36mMigrated:  20261004_060000_shorts (2ms)[39m
[07:07:14] [32mINFO[39m: [36mMigrating: 20261004_061000_portal_time_zone[39m
[07:07:14] [32mINFO[39m: [36mMigrated:  20261004_061000_portal_time_zone (1ms)[39m
[07:07:14] [32mINFO[39m: [36mMigrating: 20261004_080000_lesson_picture_flags[39m
[07:07:14] [32mINFO[39m: [36mMigrated:  20261004_080000_lesson_picture_flags (5ms)[39m
[07:07:14] [32mINFO[39m: [36mMigrating: 20261004_120000_compass_v2[39m
[07:07:14] [32mINFO[39m: [36mMigrated:  20261004_120000_compass_v2 (26ms)[39m
[07:07:14] [32mINFO[39m: [36mMigrating: 20261004_180000_gather_entry_code[39m
[07:07:14] [32mINFO[39m: [36mMigrated:  20261004_180000_gather_entry_code (1ms)[39m
[07:07:14] [32mINFO[39m: [36mMigrating: 20261004_210000_schedule_minutes[39m
[07:07:14] [32mINFO[39m: [36mMigrated:  20261004_210000_schedule_minutes (1ms)[39m
[07:07:14] [32mINFO[39m: [36mMigrating: 20261004_230000_portal_features[39m
[07:07:14] [32mINFO[39m: [36mMigrated:  20261004_230000_portal_features (3ms)[39m
[07:07:14] [32mINFO[39m: [36mMigrating: 20261005_010000_admin_ops[39m
[07:07:14] [32mINFO[39m: [36mMigrated:  20261005_010000_admin_ops (40ms)[39m
[07:07:14] [32mINFO[39m: [36mMigrating: 20261005_020000_trash[39m
[07:07:14] [32mINFO[39m: [36mMigrated:  20261005_020000_trash (17ms)[39m
Harvest: 172 verses and hadith across 31 talks. No quotation found in 5: Gratitude is the Greatest Blessing | Gems from Ibn Ata Illah Ep. 1 | Shaykh Mikaeel Ahmed Smith; How to Manage Your Anger - Amjad Tarsin; Moments of Solitude: Closeness to God | Jummah Khutbah | Imam Khalid Latif | 3.11.2022; On Mosques, Companionship, & Knowledge; Quranic Connection #26: A Cure for Anxiety | Shaykh Suleiman Hani.
Harvest sample: 4 lines kept for Maryam.
Feedback demo: sample answers are on the East London and Leeds desks.
Seeded HEARTS. Master: master@hearts.test / hearts-master
Access codes (also on the master desk, and in data/seed-codes-test.json):
  elm-teacher    ELM-6ECR-PQJH
  elm-admin      ELM-TC9B-KJCW
  elm-learner    ELM-BX4P-7KAW
  elm-parent     ELM-GTWY-RXWX
  leeds-teacher  LEEDS-PNMP-GFMU
  leeds-learner  LEEDS-9FTV-NQFW

Running 1 test using 1 worker

(node:76447) Warning: The 'NO_COLOR' env is ignored due to the 'FORCE_COLOR' env being set.
(Use `node --trace-warnings ...` to show where the warning was created)


(node:76447) Warning: The 'NO_COLOR' env is ignored due to the 'FORCE_COLOR' env being set.
(Use `node --trace-warnings ...` to show where the warning was created)


[1/1] tests/e2e/view-as.spec.ts:51:3 › view as › 38. a portal admin views as a learner with a reason, read-only by default
  1 passed (48.6s)
EXIT:0 view-as.spec.ts try 2
RERUN_END 2026-10-05T07:07:52Z
DONE
